"","Week","No_Dep","Mild_Dep","Moderate_Dep","Severe_Dep","All_Dep","Mean_DScore","Treatment","Talk","Prob_of_Talking","Prob_of_Treatment","Environment"
"1",0,941,29.68,14.66,14.66,59,7.16566,96.4,109.22,10.0683009948,8.90493217892,10
"2",1,941.68,29.28,14.64,14.4,58.32,7.1854424781,91.76,106.6,10.07509937064,8.90872314196,10
"3",2,942.54,28.84,14.36,14.26,57.46,7.19993185058,93.78,105.84,10.08037106534,8.9141830705,10
"4",3,942.86,28.86,14.02,14.26,57.14,7.22211318208,94.72,106.88,10.08745073128,8.91805636824,10
"5",4,943.62,28.48,13.96,13.94,56.38,7.23682689546,93.36,106.02,10.09094915988,8.92082231338,10
"6",5,943.88,28.4,13.84,13.88,56.12,7.25867762518,92.14,107.62,10.10042573994,8.92281472778,10
"7",6,944.28,28.14,13.78,13.8,55.72,7.27620482116,93.48,105.54,10.10833263946,8.92717117766,10
"8",7,944.72,27.94,13.58,13.76,55.28,7.29753946982,93.58,106.14,10.11445492642,8.9284724158,10
"9",8,945.3,27.58,13.5,13.62,54.7,7.32048094124,95.16,106.34,10.1211079187,8.93142648452,10
"10",9,945.66,27.34,13.36,13.64,54.34,7.34558435994,91.94,105.86,10.13024531586,8.93561232072,10
"11",10,946.48,26.8,13.12,13.6,53.52,7.3604851488,95.6,107.16,10.13513365096,8.93824755894,10
"12",11,946.76,26.9,12.94,13.4,53.24,7.37795616044,96.06,107.36,10.14096549718,8.94147116196,10
"13",12,946.94,26.98,12.7,13.38,53.06,7.39394957418,95.84,107.26,10.1473924929,8.94313917372,10
"14",13,947.18,26.92,12.68,13.22,52.82,7.40930112602,96.6,107.42,10.15385081224,8.94640317146,10
"15",14,947.52,26.7,12.64,13.14,52.48,7.42893282614,93.22,105.78,10.15888801088,8.94708888792,10
"16",15,948.06,26.42,12.56,12.96,51.94,7.44843445724,93.94,103.8,10.1671013705,8.94787055432,10
"17",16,948.42,26.22,12.38,12.98,51.58,7.46693388518,93.98,108.3,10.17347253898,8.95260999066,10
"18",17,948.84,26.02,12.22,12.92,51.16,7.48442892128,95.56,106.56,10.182914076,8.95433036026,10
"19",18,949.1,25.98,12.16,12.76,50.9,7.50422415932,94.14,107.18,10.18880146508,8.95789779208,10
"20",19,949.48,26.02,11.94,12.56,50.52,7.5210291062,93.8,105.7,10.19702986326,8.96079617208,10
"21",20,949.54,26.08,11.88,12.5,50.46,7.5405837135,95.02,107.04,10.2050221176,8.96726400334,10
"22",21,950.16,25.88,11.5,12.46,49.84,7.55548893642,95.56,107.84,10.20989296678,8.97093893796,10
"23",22,950.44,25.96,11.3,12.3,49.56,7.57777430684,93.62,108.28,10.2179258375,8.97356369658,10
"24",23,950.54,26.18,11.02,12.26,49.46,7.59817570874,93.18,109.04,10.2228960005,8.97987855954,10
"25",24,951.12,25.9,10.82,12.16,48.88,7.61583366742,95.68,106.5,10.22883105808,8.98330912106,10
"26",25,951.28,26.02,10.68,12.02,48.72,7.63414703932,95.32,107.38,10.233183583,8.98914114456,10
"27",26,951.64,25.84,10.58,11.94,48.36,7.65229841698,92.22,107.1,10.2405920018,8.99048639518,10
"28",27,951.84,25.64,10.5,12.02,48.16,7.6712403069,94.6,106.4,10.24898468402,8.99314193756,10
"29",28,951.96,25.86,10.44,11.74,48.04,7.68663893094,95.02,106.98,10.25526517488,8.99691986472,10
"30",29,952.1,26,10.28,11.62,47.9,7.70876682356,94.16,107.02,10.26467495766,9.00075969796,10
"31",30,952.34,25.94,10.06,11.66,47.66,7.73218129156,94.44,106.2,10.2724756865,9.00586613842,10
"32",31,952.48,25.96,10.04,11.52,47.52,7.75002021454,95.8,108.2,10.27644617832,9.01249155224,10
"33",32,952.56,26.12,9.84,11.48,47.44,7.77304136832,94.38,107.04,10.28287724932,9.01781958372,10
"34",33,952.54,26.22,10,11.24,47.46,7.79609211522,96.42,107.06,10.28929534912,9.02421928076,10
"35",34,952.72,26.24,9.98,11.06,47.28,7.81298340458,96.5,105.7,10.29783707848,9.02970875652,10
"36",35,953.02,26.04,9.88,11.06,46.98,7.8319310629,93.22,107.04,10.30462247358,9.03313577792,10
"37",36,953.12,26.08,9.9,10.9,46.88,7.85370580926,94.1,107.5,10.3131082492,9.03757348218,10
"38",37,953.26,26.28,9.72,10.74,46.74,7.87109127122,95.64,108.4,10.3183098187,9.04217838498,10
"39",38,953.18,26.46,9.74,10.62,46.82,7.88554786452,96.76,110.46,10.32525213464,9.04547987046,10
"40",39,953.28,26.46,9.72,10.54,46.72,7.9073223884,95.72,110.1,10.33092590502,9.05077174392,10
"41",40,953.2,26.52,9.84,10.44,46.8,7.9303484824,98.52,106.42,10.3384046181,9.05284871572,10
"42",41,953.06,26.74,9.82,10.38,46.94,7.9543570445,94,108.52,10.3441969263,9.0550352116,10
"43",42,952.92,27.02,9.88,10.18,47.08,7.96724147048,96.06,111.36,10.35109064656,9.0588245453,10
"44",43,953.06,27.14,9.8,10,46.94,7.98047180944,97.6,107.9,10.35800424122,9.0599371236,10
"45",44,953.08,27.36,9.72,9.84,46.92,8.00167795182,96.28,106.68,10.36489397974,9.0622408289,10
"46",45,953.16,27.3,9.74,9.8,46.84,8.02030565818,98.44,108.8,10.37103332522,9.06669850864,10
"47",46,953.04,27.48,9.8,9.68,46.96,8.0415709415,95.2,107.78,10.375800875,9.07278306572,10
"48",47,953.1,27.38,9.84,9.68,46.9,8.06059971948,95.66,110.56,10.38364610216,9.07520549558,10
"49",48,952.98,27.46,9.82,9.74,47.02,8.0846837883,93.88,107.64,10.38970228846,9.08001116692,10
"50",49,953,27.4,9.82,9.78,47,8.10761181162,94.72,110.3,10.39911288908,9.08286662242,10
"51",50,952.72,27.74,9.86,9.68,47.28,8.12959579632,92.98,109.64,10.40396591504,9.0862265393,10
"52",51,952.66,27.96,9.74,9.64,47.34,8.14789106916,96.92,109.7,10.41072887844,9.08947031122,10
"53",52,952.72,28.1,9.62,9.56,47.28,8.16174687746,98.44,109.2,10.41856105154,9.09562083708,10
"54",53,952.56,28.34,9.6,9.5,47.44,8.18421378188,96.68,108.56,10.42754918836,9.09890706146,10
"55",54,952.58,28.32,9.74,9.36,47.42,8.20005984808,94.42,109.82,10.434864963,9.1029938515,10
"56",55,952.8,28.06,9.64,9.5,47.2,8.22188599956,96.46,111.58,10.44451058596,9.10832695102,10
"57",56,952.94,28.22,9.58,9.26,47.06,8.24194086286,95.82,109.6,10.45256607454,9.10837772628,10
"58",57,952.84,28.48,9.44,9.24,47.16,8.2630741377,97.5,111.08,10.45912338164,9.11166070414,10
"59",58,953.18,28.06,9.64,9.12,46.82,8.2814062972,93.92,108.68,10.46546629176,9.11542087522,10
"60",59,953.12,28.18,9.62,9.08,46.88,8.29612580712,95,109.86,10.4704360715,9.12017849072,10
"61",60,952.96,28.32,9.54,9.18,47.04,8.31462993256,92.96,109.68,10.47488937686,9.12312877872,10
"62",61,952.52,28.92,9.48,9.08,47.48,8.33591852948,95.54,110.26,10.48375785088,9.12512894262,10
"63",62,952.28,29.32,9.44,8.96,47.72,8.3565045794,97.7,111.38,10.48960347136,9.12997182064,10
"64",63,952.04,29.36,9.62,8.98,47.96,8.37873644666,97.22,109.64,10.49659028278,9.13309251348,10
"65",64,952.24,29.24,9.68,8.84,47.76,8.40183678992,94.34,108.84,10.50318921708,9.13530281474,10
"66",65,952.18,29.14,9.86,8.82,47.82,8.42261940206,95.96,111.48,10.50612089298,9.13860303932,10
"67",66,952.04,29.34,9.76,8.86,47.96,8.44330671212,96.34,109.66,10.51193003626,9.14377110934,10
"68",67,952.16,29.28,9.8,8.76,47.84,8.45804105164,97.52,111.06,10.51954393922,9.1451655824,10
"69",68,952.12,29.36,9.72,8.8,47.88,8.47608008556,96.16,112.16,10.52499492134,9.14645472514,10
"70",69,951.94,29.56,9.74,8.76,48.06,8.49355106538,99.96,111.38,10.53372262912,9.14654071326,10
"71",70,951.86,29.64,9.82,8.68,48.14,8.50893826284,94.14,109.6,10.539086413,9.15254678428,10
"72",71,951.76,29.64,9.92,8.68,48.24,8.53087252998,95.68,108.12,10.5463725294,9.15658881864,10
"73",72,951.58,29.88,9.84,8.7,48.42,8.54612240882,97.42,109.66,10.5546498486,9.16132341988,10
"74",73,951.58,29.84,9.88,8.7,48.42,8.5614142495,98.14,109.5,10.5627453094,9.16548247198,10
"75",74,951.28,29.86,10.14,8.72,48.72,8.58491543712,96.12,109,10.5683313882,9.16992565978,10
"76",75,951.16,30.1,10.14,8.6,48.84,8.60437890612,96.36,107.54,10.5723147046,9.1744280968,10
"77",76,950.92,30.32,10.2,8.56,49.08,8.62085185538,95.66,110.98,10.5780238766,9.17756976664,10
"78",77,951.06,30.26,10.1,8.58,48.94,8.6425808378,96.86,112.46,10.5869502724,9.18013814932,10
"79",78,951.12,30.2,10.1,8.58,48.88,8.6588975836,96.4,112.38,10.5918730354,9.18187628582,10
"80",79,950.94,30.3,10.12,8.64,49.06,8.67822669072,94.22,108.3,10.598153036,9.18786071598,10
"81",80,950.7,30.56,10.1,8.64,49.3,8.70211863692,93.88,113.98,10.6041885426,9.18978840458,10
"82",81,950.46,30.8,10.22,8.52,49.54,8.72303870176,98.54,111.76,10.611813665,9.19164252992,10
"83",82,950.36,30.82,10.36,8.46,49.64,8.74526819168,94.52,110.02,10.6164734956,9.1949230128,10
"84",83,950.08,31.16,10.38,8.38,49.92,8.7632951768,96.52,110.94,10.6234482462,9.20104194192,10
"85",84,949.88,31.36,10.36,8.4,50.12,8.7828316189,98.52,109.32,10.6329756058,9.2037335859,10
"86",85,949.3,31.62,10.68,8.4,50.7,8.80693437904,98.4,112.2,10.6405011108,9.20593341252,10
"87",86,948.84,31.86,10.88,8.42,51.16,8.82810691436,97.64,111.9,10.646833481,9.21007876104,10
"88",87,948.42,32.18,10.98,8.42,51.58,8.8464687865,97.32,109.26,10.6516381054,9.21476126636,10
"89",88,948.28,32.36,10.88,8.48,51.72,8.86773836082,98.22,112.22,10.6576403996,9.2182037726,10
"90",89,947.9,32.66,10.98,8.46,52.1,8.8873864815,97.26,113.66,10.6663538486,9.22396829838,10
"91",90,947.76,32.56,11.1,8.58,52.24,8.90685241756,95.18,113.86,10.6740777926,9.2305499391,10
"92",91,947.58,32.74,11.06,8.62,52.42,8.92411487322,96.42,111.9,10.6847947288,9.2320482498,10
"93",92,947.2,32.9,11.26,8.64,52.8,8.94482461824,98.76,112.98,10.6896830236,9.23629180246,10
"94",93,946.92,33.08,11.48,8.52,53.08,8.96698320876,96.08,114.62,10.698027578,9.2384921893,10
"95",94,946.68,33.32,11.52,8.48,53.32,8.9880920429,96.82,111.94,10.7056734244,9.2404430613,10
"96",95,946.68,33.16,11.6,8.56,53.32,9.00188293032,97.72,112.22,10.7134741462,9.24649415296,10
"97",96,946.4,33.44,11.6,8.56,53.6,9.02223283076,97.28,111.5,10.7205186096,9.2506948072,10
"98",97,945.96,33.68,11.68,8.68,54.04,9.04093018766,97.84,111.46,10.725785918,9.25831778546,10
"99",98,945.72,33.84,11.66,8.78,54.28,9.06000048416,98.16,112.62,10.7342205336,9.26324340868,10
"100",99,945.52,33.98,11.8,8.7,54.48,9.0777262714,97.46,112.7,10.7405812828,9.26818143214,10
"101",100,945.16,34.22,11.94,8.68,54.84,9.1013729566,97.88,111.26,10.7454307884,9.27168192608,10
"102",101,944.6,34.7,12.02,8.68,55.4,9.11867812878,98.6,114.42,10.7519956006,9.2738955352,10
"103",102,944.48,34.64,12.16,8.72,55.52,9.1369620765,97.16,113.28,10.761498131,9.28090466698,10
"104",103,944.24,34.66,12.32,8.78,55.76,9.15698235642,97.46,113.98,10.7688278966,9.28397462384,10
"105",104,943.88,34.82,12.42,8.88,56.12,9.1768084019,97.52,112.74,10.7762474762,9.28876339496,10
"106",0,941.94,28.56,14.04,15.46,58.06,7.19072,91.86,206.08,20.0460651762,8.86971933314,20
"107",1,942.74,28.38,13.66,15.22,57.26,7.20441842204,95.28,202.5,20.0620348566,8.87735234966,20
"108",2,943.38,27.98,13.48,15.16,56.62,7.22517245434,92.94,207.48,20.0761994038,8.88424560952,20
"109",3,944,27.68,13.4,14.92,56,7.24251884626,94.38,208.84,20.0903382898,8.88931992244,20
"110",4,944.54,27.34,13.38,14.74,55.46,7.2623842416,93.06,203.98,20.102371734,8.89405260416,20
"111",5,945.44,26.76,13.18,14.62,54.56,7.27601628712,95.22,206.54,20.1185368044,8.90197727448,20
"112",6,946.18,26.4,12.88,14.54,53.82,7.29724015552,93.32,206.62,20.1342720216,8.9100077552,20
"113",7,946.72,26.3,12.66,14.32,53.28,7.31956494568,92.2,207.74,20.1451183564,8.91911601994,20
"114",8,947.38,25.84,12.46,14.32,52.62,7.3399675096,94.56,208.42,20.1562495564,8.92703738484,20
"115",9,947.8,25.62,12.34,14.24,52.2,7.3550280765,92.74,204.3,20.1664749804,8.9367987099,20
"116",10,948.24,25.54,12.12,14.1,51.76,7.37866246984,94.4,205.98,20.178057892,8.94589978356,20
"117",11,948.8,25.4,11.9,13.9,51.2,7.39376691966,96.38,205.9,20.194506852,8.95111625364,20
"118",12,949.04,25.5,11.68,13.78,50.96,7.41419467936,95.06,206.86,20.2050482056,8.95766034232,20
"119",13,949.58,25.36,11.44,13.62,50.42,7.433574697,93.7,209.64,20.2194910148,8.9656440375,20
"120",14,950.04,25.3,11.24,13.42,49.96,7.4503275582,92.1,205.56,20.2335852292,8.9701594934,20
"121",15,950.24,25.06,11.28,13.42,49.76,7.47074474836,95.26,207,20.2453955908,8.97666721944,20
"122",16,950.32,25.2,11.18,13.3,49.68,7.49509301994,93,207.9,20.2607240572,8.9840883323,20
"123",17,950.42,25.1,11.26,13.22,49.58,7.51738837212,95.26,206.9,20.2750564938,8.99312483446,20
"124",18,950.82,24.9,11.18,13.1,49.18,7.53441095968,94.82,206.12,20.291171541,9.00200402224,20
"125",19,951,24.98,11,13.02,49,7.55403761684,94.16,207.2,20.3046696436,9.01009826416,20
"126",20,951.12,24.92,11.02,12.94,48.88,7.57595958706,94.04,208.36,20.3178992162,9.0165520431,20
"127",21,951.2,25.06,10.92,12.82,48.8,7.59413611466,96.32,208.9,20.3321823812,9.021612349,20
"128",22,951.42,25.1,10.78,12.7,48.58,7.61599031588,95.28,212.42,20.3442473844,9.03102137528,20
"129",23,951.54,25.3,10.56,12.6,48.46,7.63770781878,93.18,208.76,20.357476397,9.03664181248,20
"130",24,951.92,25.26,10.44,12.38,48.08,7.65627748076,94.98,208.66,20.3700718242,9.04244582774,20
"131",25,952.08,25.38,10.3,12.24,47.92,7.67646303066,95.94,209.7,20.3860993598,9.05028714502,20
"132",26,952.18,25.36,10.42,12.04,47.82,7.69850251346,95.04,209.32,20.400422361,9.05726130064,20
"133",27,952.68,25.3,10.22,11.8,47.32,7.71203216312,94.94,210.12,20.4156350406,9.061092099,20
"134",28,952.62,25.62,10.02,11.74,47.38,7.73414481908,93.5,205.64,20.4296749358,9.06779381024,20
"135",29,952.66,25.78,9.94,11.62,47.34,7.75847238694,94.56,210.12,20.4434777198,9.07283839608,20
"136",30,953.08,25.7,9.72,11.5,46.92,7.77456731092,96.6,209.4,20.457487577,9.0779573953,20
"137",31,953.3,25.54,9.54,11.62,46.7,7.79548767178,96.36,211.9,20.472100121,9.0851482451,20
"138",32,953.38,25.8,9.46,11.36,46.62,7.81788498506,97.38,205.98,20.4875967806,9.09140498546,20
"139",33,953.84,25.7,9.2,11.26,46.16,7.83953803748,97.22,211.3,20.5019340302,9.09895212636,20
"140",34,954.14,25.74,9.08,11.04,45.86,7.85506802328,94.92,210.64,20.5172197832,9.1087119474,20
"141",35,954.1,25.92,9.16,10.82,45.9,7.87352127756,97.16,210.88,20.5303214362,9.11514706144,20
"142",36,954.34,25.92,8.86,10.88,45.66,7.89476639976,98.24,209.64,20.541291139,9.1261468211,20
"143",37,954.48,25.86,8.92,10.74,45.52,7.91369002394,96.86,205.76,20.5540270432,9.1331872305,20
"144",38,954.48,26.14,8.9,10.48,45.52,7.93323867324,97.14,213.02,20.564888214,9.141822276,20
"145",39,954.74,26.04,8.86,10.36,45.26,7.95231735858,96.42,211.72,20.5784637452,9.15159806724,20
"146",40,954.8,26.14,8.76,10.3,45.2,7.96936564186,96.44,210.54,20.5900143952,9.15865611644,20
"147",41,954.64,26.46,8.78,10.12,45.36,7.98700861804,95.68,209.34,20.6040826752,9.16704137454,20
"148",42,954.72,26.52,8.66,10.1,45.28,8.0068603489,96.76,210.5,20.6159474476,9.17160462508,20
"149",43,955.04,26.36,8.6,10,44.96,8.02133891786,96.7,212.36,20.6303159954,9.17840013218,20
"150",44,955.12,26.3,8.56,10.02,44.88,8.03901470798,95.44,209.92,20.6448028194,9.18557441808,20
"151",45,955.08,26.34,8.78,9.8,44.92,8.05234235734,97.68,211.9,20.6581986412,9.1942510371,20
"152",46,954.72,26.72,8.7,9.86,45.28,8.07389580288,97.46,214.74,20.6701737362,9.2035857662,20
"153",47,954.68,27,8.58,9.74,45.32,8.09486169942,98.34,215.98,20.6852271116,9.20956721774,20
"154",48,954.66,27.02,8.68,9.64,45.34,8.11129569374,96.32,212,20.6950796098,9.22013686774,20
"155",49,954.52,27.06,8.88,9.54,45.48,8.12978763426,97.16,209,20.7080769574,9.22698415696,20
"156",50,954.68,26.8,9.08,9.44,45.32,8.14224243016,97.96,212.6,20.720414668,9.2332220559,20
"157",51,954.66,26.86,9.04,9.44,45.34,8.16239069346,97.6,214.02,20.7357367078,9.23912905698,20
"158",52,954.6,27.08,9.1,9.22,45.4,8.1828488521,96.98,213.02,20.7516323352,9.24679513828,20
"159",53,954.66,27.14,9.18,9.02,45.34,8.20409218132,98.3,213.16,20.7631959904,9.25575319544,20
"160",54,954.7,27.18,9.18,8.94,45.3,8.22390872988,97.56,211.28,20.7760470918,9.26594063876,20
"161",55,954.64,27.48,9.18,8.7,45.36,8.2397340352,98.24,213.24,20.789521372,9.27274108358,20
"162",56,954.68,27.42,9.28,8.62,45.32,8.25990530514,96.06,211.88,20.8005074668,9.28324662452,20
"163",57,954.7,27.5,9.24,8.56,45.3,8.27088801034,97.72,212.76,20.8130051012,9.2912244745,20
"164",58,954.7,27.5,9.34,8.46,45.3,8.28871651964,98.26,211.9,20.8246104872,9.298490754,20
"165",59,954.44,27.66,9.46,8.44,45.56,8.30689026684,98.9,216.92,20.840684623,9.30487865744,20
"166",60,954.22,27.94,9.4,8.44,45.78,8.32742354774,99.8,214.98,20.8540849536,9.31342062022,20
"167",61,954.16,27.8,9.6,8.44,45.84,8.34748923998,98.28,210.28,20.866521576,9.31952661532,20
"168",62,954.16,27.88,9.66,8.3,45.84,8.3613957269,98.68,213.78,20.8778373398,9.32704565046,20
"169",63,954.06,28.04,9.7,8.2,45.94,8.3791871651,98.4,213.36,20.8913348786,9.33526256424,20
"170",64,953.84,28.12,9.82,8.22,46.16,8.3963466857,97.7,213.4,20.9062391446,9.34672746234,20
"171",65,953.84,28.16,9.9,8.1,46.16,8.41262407668,95.88,215.02,20.918402265,9.35284645152,20
"172",66,953.82,28.36,9.88,7.94,46.18,8.4327128565,100.32,212.72,20.932200962,9.3626768945,20
"173",67,953.56,28.5,9.94,8,46.44,8.45208337846,98.26,216.78,20.9450041218,9.37042300682,20
"174",68,953.52,28.66,9.86,7.96,46.48,8.46887335638,99.14,214.9,20.9572470942,9.37538156872,20
"175",69,953.18,28.88,9.98,7.96,46.82,8.48955342262,96.64,214,20.9724421002,9.38421221504,20
"176",70,952.98,29.16,9.94,7.92,47.02,8.5061001572,100.16,215.36,20.983075959,9.3890585281,20
"177",71,952.88,29.18,10.1,7.84,47.12,8.52849227632,98.9,219.44,20.9969405406,9.39709571806,20
"178",72,952.7,29.2,10.26,7.84,47.3,8.54775322032,99.16,215.3,21.0094256342,9.40496198952,20
"179",73,952.68,29.28,10.24,7.8,47.32,8.56406620208,100.42,214.7,21.021356133,9.41242699734,20
"180",74,952.26,29.62,10.32,7.8,47.74,8.58656752494,98.74,213.96,21.036617098,9.42112319372,20
"181",75,952.2,29.7,10.26,7.84,47.8,8.60840496942,97.08,216.42,21.0501776436,9.42842359624,20
"182",76,951.78,29.92,10.5,7.8,48.22,8.62816487566,98.1,214.04,21.063057523,9.4386412923,20
"183",77,951.3,30.22,10.62,7.86,48.7,8.6478167197,98.98,216.62,21.077279918,9.44529948554,20
"184",78,951.04,30.46,10.6,7.9,48.96,8.66654397132,99.86,217.86,21.0954999744,9.45374363862,20
"185",79,950.9,30.58,10.62,7.9,49.1,8.68535845926,102.48,215.38,21.1083184646,9.46042798214,20
"186",80,950.72,30.7,10.68,7.9,49.28,8.70352291164,101.14,218,21.119296437,9.47029815682,20
"187",81,950.3,31.18,10.72,7.8,49.7,8.72027183446,98.56,214.78,21.1372257696,9.4768727961,20
"188",82,950.14,31.18,10.84,7.84,49.86,8.73864284838,100.9,216.16,21.149953083,9.48467546418,20
"189",83,950.08,30.98,11.02,7.92,49.92,8.75443708914,99.4,216.56,21.1620552588,9.49357810144,20
"190",84,949.76,31.28,11.14,7.82,50.24,8.7737031559,101.22,213.14,21.17429685,9.49945453014,20
"191",85,949.34,31.7,11.14,7.82,50.66,8.79598703212,100.68,217.1,21.1874827906,9.50809877868,20
"192",86,949.2,31.82,11.14,7.84,50.8,8.81354921182,101.08,217.04,21.2042542156,9.51483030618,20
"193",87,949.02,31.8,11.22,7.96,50.98,8.82647110234,100.96,216.24,21.2173514072,9.52264283738,20
"194",88,948.66,31.86,11.52,7.96,51.34,8.84674406288,100.16,213.04,21.2316490486,9.53120093128,20
"195",89,948.18,32.3,11.5,8.02,51.82,8.86855247494,99.82,217.74,21.2473128632,9.5412841701,20
"196",90,948,32.5,11.38,8.12,52,8.88887552864,100.28,219.44,21.2606670962,9.55129902966,20
"197",91,947.62,32.9,11.36,8.12,52.38,8.90509336184,101.18,217.32,21.2749853896,9.55863943516,20
"198",92,947.24,33.18,11.54,8.04,52.76,8.9248953418,101.2,218.7,21.287288353,9.56583608932,20
"199",93,946.8,33.58,11.58,8.04,53.2,8.94743643946,101.86,220.74,21.303088616,9.5737071286,20
"200",94,946.34,33.8,11.72,8.14,53.66,8.96815014092,101.62,219.04,21.313582295,9.58104913258,20
"201",95,946.2,34.02,11.68,8.1,53.8,8.982094597,102.58,217.7,21.3284858264,9.5884322257,20
"202",96,945.74,34.26,11.88,8.12,54.26,9.00247931218,101.74,218.68,21.3423739616,9.59552238094,20
"203",97,945.42,34.4,12.12,8.06,54.58,9.01653016418,100.92,214.42,21.3515172002,9.60045907872,20
"204",98,944.9,34.7,12.22,8.18,55.1,9.03971153386,102.74,219.62,21.3648258346,9.60811770754,20
"205",99,944.76,34.86,12.16,8.22,55.24,9.05527227168,102.48,218.88,21.3796979472,9.61705306658,20
"206",100,944.4,35.04,12.34,8.22,55.6,9.0766107119,102.72,219.7,21.395879819,9.62518128382,20
"207",101,943.8,35.6,12.3,8.3,56.2,9.09358344616,102.7,219.18,21.4117228078,9.63372906126,20
"208",102,943.44,35.64,12.48,8.44,56.56,9.1135083753,101.32,221.14,21.4235378048,9.6438269346,20
"209",103,943.22,35.7,12.58,8.5,56.78,9.13033076356,102.88,221.52,21.4369453056,9.6501537446,20
"210",104,942.5,36.18,12.88,8.44,57.5,9.15150129356,101.92,220.34,21.4484029404,9.65725150626,20
"211",0,939.24,29.48,15.48,15.8,60.76,7.25164,93.46,302.32,30.0221107166,8.932270916,30
"212",1,939.8,28.82,15.54,15.84,60.2,7.27452576892,94.64,311.46,30.041629246,8.94576008638,30
"213",2,940.42,28.54,15.38,15.66,59.58,7.29382674398,94.28,307.84,30.0570121662,8.95817102562,30
"214",3,941.18,28.2,15.1,15.52,58.82,7.31414389656,92.2,300.68,30.0806276568,8.96946830678,30
"215",4,941.84,27.72,15.1,15.34,58.16,7.32586356928,95.94,304.6,30.0994009232,8.9803336731,30
"216",5,942.74,27.16,14.76,15.34,57.26,7.34073157418,95.54,306.96,30.117776647,8.9914832426,30
"217",6,943.28,26.88,14.7,15.14,56.72,7.3590190309,94.94,305.4,30.1379943786,9.00475146766,30
"218",7,944.14,26.32,14.42,15.12,55.86,7.37779044146,95.38,306.62,30.157175713,9.01632639294,30
"219",8,944.5,26.26,14.2,15.04,55.5,7.39603576694,94.6,306.5,30.1761874292,9.02816086646,30
"220",9,945.04,25.9,14.1,14.96,54.96,7.41458192226,94.68,304.7,30.19675793,9.0416391282,30
"221",10,945.6,25.62,13.94,14.84,54.4,7.43627456028,95.7,305.42,30.214135353,9.05375575414,30
"222",11,946.16,25.52,13.66,14.66,53.84,7.4494498669,94.62,308.14,30.233145603,9.06631089496,30
"223",12,946.8,25.42,13.4,14.38,53.2,7.46542191632,95.32,305.46,30.2521302912,9.07693218592,30
"224",13,947.02,25.44,13.32,14.22,52.98,7.4848784749,96.98,305.04,30.2737476788,9.08748722038,30
"225",14,947.56,25.12,13.18,14.14,52.44,7.50631927488,94.42,302.04,30.2941110778,9.10018082822,30
"226",15,948.22,24.7,12.98,14.1,51.78,7.52626370872,98.32,310.26,30.3181261628,9.11192506692,30
"227",16,948.58,24.64,12.8,13.98,51.42,7.54334640808,97.28,306.54,30.3376451458,9.12278560374,30
"228",17,948.92,24.62,12.58,13.88,51.08,7.564869353,94.76,306.1,30.3597184786,9.13038361528,30
"229",18,949.36,24.52,12.48,13.64,50.64,7.58326599366,97.98,308.16,30.3738323268,9.142775239,30
"230",19,949.56,24.44,12.44,13.56,50.44,7.60519887256,96.78,307.22,30.3929564194,9.15575168854,30
"231",20,950,24.4,12.18,13.42,50,7.62244383372,97.04,306.66,30.4124748078,9.1663881194,30
"232",21,950.16,24.38,12.1,13.36,49.84,7.64545764674,97.24,311,30.4330753656,9.17868161232,30
"233",22,950.32,24.62,11.78,13.28,49.68,7.66082499568,96.64,304.9,30.4525828214,9.19087666534,30
"234",23,950.52,24.7,11.7,13.08,49.48,7.68119216958,96,310.88,30.4752191046,9.20153317318,30
"235",24,950.62,24.88,11.56,12.94,49.38,7.70718948884,97.22,308.98,30.4949956122,9.2114613236,30
"236",25,951.1,24.52,11.5,12.88,48.9,7.72423186842,98.18,312.72,30.512619482,9.22507056788,30
"237",26,951.3,24.4,11.36,12.94,48.7,7.74430767184,96.74,312.42,30.5309764452,9.2362219469,30
"238",27,951.46,24.34,11.32,12.88,48.54,7.76759368458,96.7,310,30.5487903492,9.2480031291,30
"239",28,951.74,24.38,11.2,12.68,48.26,7.78474410436,96.06,311.72,30.568296426,9.25814358618,30
"240",29,952.24,24.26,10.96,12.54,47.76,7.80334236682,94.72,312.08,30.5862468582,9.2680671085,30
"241",30,952.64,24.14,10.8,12.42,47.36,7.82154761426,97.96,307.02,30.6086273,9.27995322768,30
"242",31,952.62,24.3,10.84,12.24,47.38,7.83321953834,96.26,311.38,30.6244314174,9.29187581584,30
"243",32,952.72,24.62,10.6,12.06,47.28,7.85186655344,99.38,314.3,30.6455756774,9.30270855558,30
"244",33,953.04,24.64,10.5,11.82,46.96,7.86963429016,97.42,315.14,30.666922624,9.31618157816,30
"245",34,953.28,24.56,10.48,11.68,46.72,7.887960746,98.4,310.38,30.6875665882,9.32863188652,30
"246",35,953.36,24.64,10.44,11.56,46.64,7.9093111247,98.14,313.28,30.7053248452,9.34034940744,30
"247",36,953.48,24.68,10.38,11.46,46.52,7.93321045646,98.94,310.8,30.7241696928,9.35099492844,30
"248",37,953.44,24.88,10.24,11.44,46.56,7.95619546108,97.8,310.24,30.7456492208,9.36342502014,30
"249",38,953.44,24.96,10.16,11.44,46.56,7.9787498026,96.78,314.76,30.7701393138,9.37709362724,30
"250",39,953.48,25.32,9.94,11.26,46.52,7.9990241254,100.02,311.24,30.789323998,9.38800843044,30
"251",40,953.5,25.32,10.14,11.04,46.5,8.01583880534,99.72,310.68,30.8131159724,9.3996387606,30
"252",41,953.58,25.6,9.96,10.86,46.42,8.03382748252,96.78,313.12,30.8344068412,9.41130276402,30
"253",42,953.7,25.58,9.92,10.8,46.3,8.04559502812,100.46,316.7,30.8534496016,9.4244312528,30
"254",43,953.88,25.62,9.84,10.66,46.12,8.0616655899,98.08,313.38,30.8707289764,9.43444824248,30
"255",44,953.76,25.88,9.78,10.58,46.24,8.08405305388,98.02,317.64,30.8889683674,9.44645380912,30
"256",45,954.02,25.76,9.82,10.4,45.98,8.10292564616,98.02,314.86,30.909978965,9.45798212268,30
"257",46,954.22,25.7,9.86,10.22,45.78,8.11736751872,103.2,311.74,30.9276049472,9.47134133004,30
"258",47,954.28,25.82,9.86,10.04,45.72,8.12990948098,101.38,313.82,30.9511631262,9.48162781652,30
"259",48,954.62,25.7,9.82,9.86,45.38,8.14370855174,101.24,314.3,30.9739219692,9.49089478092,30
"260",49,954.64,25.8,9.68,9.88,45.36,8.16402879788,99.2,314.5,30.9976765894,9.49995652552,30
"261",50,954.84,25.68,9.68,9.8,45.16,8.17985578614,101.94,314.1,31.0160244908,9.51457494126,30
"262",51,954.66,25.8,9.94,9.6,45.34,8.19638095036,100.18,316.12,31.0353617736,9.52798930932,30
"263",52,954.48,26.12,9.94,9.46,45.52,8.21668738794,100.04,316.34,31.0559213014,9.5410960837,30
"264",53,954.58,26.1,9.96,9.36,45.42,8.2358529565,101.2,319.4,31.0774542662,9.55174450884,30
"265",54,954.24,26.54,9.84,9.38,45.76,8.25822743502,99.02,314.16,31.0999301964,9.56039261852,30
"266",55,954.04,26.72,9.82,9.42,45.96,8.27568746398,101.82,316.4,31.1228835004,9.57429009438,30
"267",56,954.02,26.78,9.88,9.32,45.98,8.29792643292,101.86,315.44,31.1406935556,9.58773710628,30
"268",57,954.04,26.92,9.92,9.12,45.96,8.31337917444,101.04,313.74,31.158885659,9.59777482396,30
"269",58,953.9,27.14,9.96,9,46.1,8.33099877202,102,316.4,31.1799060686,9.60647647586,30
"270",59,953.76,27.1,10.16,8.98,46.24,8.35233173812,100.14,317.14,31.1977620144,9.6199402315,30
"271",60,953.72,27.08,10.26,8.94,46.28,8.37135278908,101.12,317.36,31.217834731,9.63302335684,30
"272",61,953.68,27.12,10.3,8.9,46.32,8.3851930494,101.24,318.78,31.2355273962,9.64644220128,30
"273",62,953.8,27.1,10.22,8.88,46.2,8.40243730604,101.22,318.7,31.2561397096,9.65996231318,30
"274",63,953.58,27.16,10.44,8.82,46.42,8.42416512806,101.88,316.68,31.2777546552,9.67319701144,30
"275",64,953.28,27.6,10.46,8.66,46.72,8.4476738857,99.58,316.4,31.2952918796,9.6827262025,30
"276",65,953.22,27.62,10.54,8.62,46.78,8.46386088288,101.6,316.28,31.3171773294,9.69250461744,30
"277",66,953.22,27.44,10.66,8.68,46.78,8.47970140904,101.3,320.26,31.340425374,9.70488849538,30
"278",67,953.12,27.7,10.6,8.58,46.88,8.49841349764,102.52,316.76,31.3613155864,9.71597352768,30
"279",68,952.96,27.78,10.6,8.66,47.04,8.5153704118,103.4,319.02,31.3785351892,9.72574418262,30
"280",69,952.74,27.98,10.66,8.62,47.26,8.5317638105,102.02,318.66,31.400990057,9.73573065394,30
"281",70,952.72,27.98,10.74,8.56,47.28,8.54830147598,101.24,320.98,31.4222199066,9.74527405572,30
"282",71,952.66,27.86,10.86,8.62,47.34,8.56663565214,102.72,316.14,31.4397817778,9.75836823482,30
"283",72,952.68,27.78,10.9,8.64,47.32,8.58294009342,103.52,322.02,31.4628561078,9.77014672684,30
"284",73,952.54,27.76,11.06,8.64,47.46,8.60086172788,102.06,319.08,31.4894443768,9.78103556682,30
"285",74,952.26,27.88,11.18,8.68,47.74,8.61966653054,103.96,319.44,31.5104177436,9.794969711,30
"286",75,952.12,28.18,11.12,8.58,47.88,8.63678726278,103.88,321.1,31.5295442308,9.8062048635,30
"287",76,951.92,28.52,11.08,8.48,48.08,8.65600817938,103.08,319.88,31.5479340216,9.81588988292,30
"288",77,951.76,28.68,11.18,8.38,48.24,8.6706486411,103.88,324.2,31.5717508614,9.82507172132,30
"289",78,951.44,28.86,11.44,8.26,48.56,8.6830052469,104.9,321.6,31.5893141754,9.83673163984,30
"290",79,951.34,29.06,11.42,8.18,48.66,8.7030260075,103.94,322.04,31.6070927454,9.84680660864,30
"291",80,950.98,29.1,11.76,8.16,49.02,8.73168852408,103.08,318.6,31.626649706,9.8576551486,30
"292",81,950.86,29.24,11.76,8.14,49.14,8.74814101402,104.3,320.56,31.6434468002,9.86542306798,30
"293",82,950.7,29.34,11.94,8.02,49.3,8.7659995979,104.64,319.44,31.6621654152,9.87581999176,30
"294",83,950.66,29.34,12,8,49.34,8.77806923516,104.88,319.96,31.6820180116,9.8873554011,30
"295",84,950.38,29.46,12.14,8.02,49.62,8.7951726073,104.64,323.54,31.7022652278,9.90001463716,30
"296",85,950.02,29.76,12.2,8.02,49.98,8.81203357192,106.38,319.52,31.7223410856,9.9124176535,30
"297",86,949.86,29.96,12.16,8.02,50.14,8.82778731172,103.2,322.38,31.741300709,9.92094603884,30
"298",87,949.56,30.22,12.14,8.08,50.44,8.84462987326,104.44,320.54,31.760082798,9.93038618292,30
"299",88,949.4,30.2,12.14,8.26,50.6,8.86324362518,103.44,322.22,31.7841235762,9.94091512298,30
"300",89,949.34,30.26,12.22,8.18,50.66,8.87685368372,104.32,322.62,31.805132989,9.9536665495,30
"301",90,949.02,30.44,12.3,8.24,50.98,8.89368681156,106.72,322,31.8263192042,9.96466883128,30
"302",91,948.54,30.72,12.44,8.3,51.46,8.91463913218,105.66,325.88,31.84562192,9.97655031636,30
"303",92,948.32,30.98,12.46,8.24,51.68,8.93237885984,104.1,322.4,31.861045368,9.98919702222,30
"304",93,947.98,31.14,12.58,8.3,52.02,8.94896857042,104.74,325.26,31.8838690122,9.99878180294,30
"305",94,947.68,31.48,12.52,8.32,52.32,8.96712447996,106.2,324.2,31.9034516044,10.01039472844,30
"306",95,947.14,31.9,12.62,8.34,52.86,8.9802449077,106.92,324.24,31.9231900908,10.02535594418,30
"307",96,947.14,31.94,12.56,8.36,52.86,8.99375950588,104.18,324.66,31.9412484316,10.03775742428,30
"308",97,946.9,32.14,12.66,8.3,53.1,9.01076392154,107.12,322.06,31.9625744088,10.04892052562,30
"309",98,946.92,31.92,12.76,8.4,53.08,9.02615197052,105.9,325.48,31.9816688362,10.06066538302,30
"310",99,946.5,32.24,12.86,8.4,53.5,9.04209543472,105.42,323.7,32.0047534838,10.07353150062,30
"311",100,946.16,32.56,12.82,8.46,53.84,9.06187530092,105.32,322.98,32.0259997052,10.08512444562,30
"312",101,946.04,32.76,12.74,8.46,53.96,9.07486504776,104.1,328.58,32.0446791926,10.09546066838,30
"313",102,945.7,33.16,12.7,8.44,54.3,9.09039789726,107.74,325.7,32.0646824182,10.10622326082,30
"314",103,945.36,33.42,12.74,8.48,54.64,9.10745597212,106.24,325.12,32.0879803352,10.12089232114,30
"315",104,945.06,33.64,12.82,8.48,54.94,9.12538117854,108.08,323.56,32.1101146262,10.13495122286,30
"316",0,942.14,27.92,14.18,15.76,57.86,7.16928,94.86,403.78,39.9472106644,8.87663810494,40
"317",1,942.96,27.62,13.96,15.46,57.04,7.18599961582,93.22,402.58,39.9751081932,8.89031745056,40
"318",2,943.9,27.26,13.46,15.38,56.1,7.19899365942,95.78,403.38,39.999333485,8.90073393968,40
"319",3,944.54,26.94,13.3,15.22,55.46,7.22087236894,92.48,404.22,40.0267328568,8.91455274174,40
"320",4,945.48,26.4,12.98,15.14,54.52,7.2379120996,94,401.78,40.0537386808,8.92921177002,40
"321",5,945.96,26.28,12.82,14.94,54.04,7.25948316634,93.52,407.04,40.0790921498,8.94596174396,40
"322",6,946.58,25.96,12.7,14.76,53.42,7.27810038272,96.24,405.16,40.1049017548,8.96329536486,40
"323",7,947.18,25.78,12.46,14.58,52.82,7.29629130612,95.92,405.3,40.129839565,8.97970868872,40
"324",8,947.64,25.8,12.2,14.36,52.36,7.31698641282,92.94,403.38,40.1576581772,8.99555620708,40
"325",9,948.02,25.68,12.08,14.22,51.98,7.3373186722,94.96,405.18,40.18570375,9.01139768896,40
"326",10,948.46,25.48,11.88,14.18,51.54,7.35740144536,97.3,406.72,40.210351577,9.02637361054,40
"327",11,948.98,25.34,11.78,13.9,51.02,7.37356354474,92.74,405.38,40.235813586,9.04115869354,40
"328",12,949.44,25.24,11.72,13.6,50.56,7.39644679982,96.62,406.42,40.2595635614,9.05603052618,40
"329",13,950.1,24.72,11.72,13.46,49.9,7.4149479748,95.74,401.32,40.2826636022,9.0685897094,40
"330",14,950.36,24.56,11.64,13.44,49.64,7.43572270254,95.76,411.9,40.3070435742,9.08218191846,40
"331",15,950.74,24.58,11.44,13.24,49.26,7.45299168548,96.92,407.58,40.3334010874,9.09816885684,40
"332",16,951.26,24.18,11.44,13.12,48.74,7.47024622528,93.96,406.22,40.3591059846,9.11431233088,40
"333",17,951.26,24.28,11.5,12.96,48.74,7.4954880313,96.92,408.32,40.3848471204,9.1308531416,40
"334",18,951.46,24.18,11.3,13.06,48.54,7.51889669826,95.36,407.3,40.4074810644,9.14399662274,40
"335",19,951.66,24.26,11.16,12.92,48.34,7.53963350992,96.94,407.94,40.4334911434,9.16014467178,40
"336",20,951.72,24.36,11.18,12.74,48.28,7.55912939982,95.16,410.34,40.4592139682,9.17656676126,40
"337",21,951.94,24.4,11.06,12.6,48.06,7.5834171317,96.98,408.44,40.4892441318,9.19268989098,40
"338",22,952.1,24.48,11.02,12.4,47.9,7.60245364008,96.98,407.72,40.516459705,9.20597111854,40
"339",23,952.5,24.42,10.92,12.16,47.5,7.61915099882,96.06,406.96,40.5422164908,9.22452005054,40
"340",24,952.56,24.3,11,12.14,47.44,7.64372266672,97.52,410,40.5674501116,9.24388240216,40
"341",25,952.8,24.2,10.8,12.2,47.2,7.66035220568,98.42,412.72,40.594888374,9.25708391466,40
"342",26,953.42,24.06,10.54,11.98,46.58,7.67468016682,97.56,407.34,40.6237899416,9.27125364508,40
"343",27,953.48,24.26,10.52,11.74,46.52,7.69500407806,98.98,416.5,40.6516145142,9.28505735396,40
"344",28,954.04,24.04,10.24,11.68,45.96,7.71508021204,96.64,414.22,40.6780186462,9.29906245318,40
"345",29,954.26,24.04,10.12,11.58,45.74,7.73547460412,97.68,413.44,40.7009356814,9.31459932052,40
"346",30,954.32,24.14,10.14,11.4,45.68,7.75256319408,98.2,410.22,40.7240135874,9.32969217638,40
"347",31,954.68,24.14,9.88,11.3,45.32,7.77406531346,99.62,413.4,40.7479588798,9.3451814632,40
"348",32,954.82,24.08,9.88,11.22,45.18,7.7860263603,99.74,412.6,40.7727992958,9.35775359472,40
"349",33,954.84,24.04,10,11.12,45.16,7.7984917664,98.74,414.36,40.7937491616,9.37047304664,40
"350",34,954.78,24.28,9.96,10.98,45.22,7.82004541296,98.78,410.36,40.8201139338,9.38678541976,40
"351",35,954.74,24.48,9.96,10.82,45.26,7.8401748963,98.46,408.26,40.8482088994,9.40427289702,40
"352",36,954.94,24.62,9.76,10.68,45.06,7.85628090728,99.2,416.5,40.876933311,9.417750871,40
"353",37,955.16,24.46,9.88,10.5,44.84,7.87635373114,96.48,414.76,40.9036359164,9.43140927874,40
"354",38,954.96,24.68,9.88,10.48,45.04,7.90021087296,99.94,413.58,40.9292887068,9.44661691852,40
"355",39,955,24.84,9.8,10.36,45,7.91921108914,97.76,412.46,40.953174857,9.4629762196,40
"356",40,955.14,24.82,9.7,10.34,44.86,7.93866250486,101.16,415.36,40.9793651208,9.4793749549,40
"357",41,955.38,24.66,9.62,10.34,44.62,7.96077514382,101.8,413.02,41.008442873,9.49391591868,40
"358",42,955.5,24.86,9.54,10.1,44.5,7.97477674304,97.98,412.8,41.031353144,9.51123504218,40
"359",43,955.7,24.86,9.4,10.04,44.3,7.9891128959,100.62,416.88,41.0526616584,9.52713600598,40
"360",44,955.7,25.04,9.2,10.06,44.3,8.0101691642,99.24,412.3,41.077303072,9.54328442356,40
"361",45,955.52,25.32,9.38,9.78,44.48,8.0267797462,99.14,416.2,41.1026595556,9.56199097212,40
"362",46,955.42,25.52,9.34,9.72,44.58,8.04334928094,102.94,413.54,41.1301518826,9.57736843622,40
"363",47,955.74,25.4,9.36,9.5,44.26,8.05989114022,100.46,415.78,41.158860004,9.59054686708,40
"364",48,955.86,25.4,9.32,9.42,44.14,8.07560400522,102.24,415.12,41.1865217216,9.60667792022,40
"365",49,955.72,25.66,9.2,9.42,44.28,8.09506311034,102.2,416.16,41.2141804702,9.62283654448,40
"366",50,955.24,26.02,9.3,9.44,44.76,8.1202133807,101.6,417.1,41.2374269316,9.64053092546,40
"367",51,955.22,26.1,9.28,9.4,44.78,8.13688989074,98.94,417.56,41.2667204724,9.65808480864,40
"368",52,955.04,26.46,9.12,9.38,44.96,8.15824788214,100.7,413.3,41.293899761,9.67466248442,40
"369",53,955.02,26.38,9.2,9.4,44.98,8.17451282374,101.22,417.86,41.3221367592,9.69193996298,40
"370",54,954.98,26.5,9.04,9.48,45.02,8.19414126176,103,417.04,41.3499132796,9.70619960228,40
"371",55,955.1,26.46,9.1,9.34,44.9,8.2096624247,100.36,418,41.375070964,9.72224930866,40
"372",56,954.84,26.64,9.18,9.34,45.16,8.22652152662,100.68,418.16,41.4010235846,9.73596978316,40
"373",57,954.68,26.9,9.24,9.18,45.32,8.24381661848,101.34,415.64,41.4271020896,9.75075098676,40
"374",58,954.34,27.28,9.22,9.16,45.66,8.26122496354,103.2,420.28,41.4565726946,9.76573531844,40
"375",59,954.06,27.78,9.32,8.84,45.94,8.27838931342,103.44,423.56,41.4826133268,9.78301399392,40
"376",60,953.74,28.16,9.22,8.88,46.26,8.2998825806,103.52,419.04,41.5147024276,9.7979206908,40
"377",61,953.44,28.48,9.18,8.9,46.56,8.31653477106,101.24,422.14,41.5382131676,9.8132097499,40
"378",62,953.32,28.6,9.3,8.78,46.68,8.33393507384,105.94,420.4,41.5640741632,9.82992790842,40
"379",63,953.32,28.48,9.42,8.78,46.68,8.35780325708,103.02,416.7,41.5889416824,9.84313744142,40
"380",64,952.8,28.92,9.56,8.72,47.2,8.37922607946,101.62,418.02,41.6130886088,9.85735924878,40
"381",65,953.14,28.6,9.64,8.62,46.86,8.39726044714,102.68,422.92,41.6396286282,9.87349886966,40
"382",66,952.74,28.88,9.72,8.66,47.26,8.41977783528,100.84,420.78,41.6676056938,9.88520944214,40
"383",67,952.7,29.04,9.68,8.58,47.3,8.4358690799,104.38,423.9,41.695154065,9.89889254874,40
"384",68,952.58,28.96,9.86,8.6,47.42,8.45481542538,101.76,418.78,41.7230572426,9.9167677794,40
"385",69,952.2,29.16,10.16,8.48,47.8,8.47480086206,106.82,422.48,41.749125106,9.9325410358,40
"386",70,951.94,29.54,10.02,8.5,48.06,8.4974010727,104.76,422.32,41.7738332268,9.945794874,40
"387",71,951.88,29.48,10.22,8.42,48.12,8.51028047116,102.72,422,41.801657071,9.96310545828,40
"388",72,951.94,29.52,10.18,8.36,48.06,8.52639769706,105.04,426.96,41.8281944412,9.97908067708,40
"389",73,951.54,29.78,10.28,8.4,48.46,8.5491736934,103.18,419.62,41.8536600814,9.99408697798,40
"390",74,951.34,30.02,10.26,8.38,48.66,8.56618576308,104.54,424.98,41.8790625702,10.01238034448,40
"391",75,951.1,30.26,10.4,8.24,48.9,8.58229791336,103.88,423.58,41.9032979194,10.02881241336,40
"392",76,950.86,30.62,10.34,8.18,49.14,8.6027079481,103.72,426.44,41.9351323384,10.04062129744,40
"393",77,950.78,30.64,10.26,8.32,49.22,8.6224774319,104.4,422.74,41.9610599492,10.05495133796,40
"394",78,950.62,30.8,10.3,8.28,49.38,8.6382059039,106.7,428.66,41.9906370176,10.07321197592,40
"395",79,950.22,31.06,10.38,8.34,49.78,8.65879697532,104.84,422.9,42.0199445882,10.08698772424,40
"396",80,949.76,31.28,10.68,8.28,50.24,8.679597372,105.9,426.6,42.0472400654,10.10454604926,40
"397",81,949.52,31.54,10.76,8.18,50.48,8.69602356584,105.3,421.48,42.072889969,10.11866972138,40
"398",82,949.22,31.88,10.8,8.1,50.78,8.71361937884,108.06,430.02,42.1018676666,10.1323185107,40
"399",83,948.94,32.22,10.82,8.02,51.06,8.7334775582,105.8,426.64,42.1272383112,10.1468529189,40
"400",84,948.72,32.26,10.84,8.18,51.28,8.75050728546,106.14,428.16,42.1559951062,10.1619579901,40
"401",85,948.48,32.48,10.98,8.06,51.52,8.76994927266,106.88,427.52,42.1847068424,10.17880269614,40
"402",86,948.26,32.72,10.84,8.18,51.74,8.78613335964,106.9,427.62,42.2097608172,10.19541502006,40
"403",87,947.98,32.8,10.98,8.24,52.02,8.80509100304,105.06,425.56,42.2351571868,10.2103920162,40
"404",88,947.56,33.12,11.1,8.22,52.44,8.82356642172,105.62,427.58,42.2622470874,10.22840254042,40
"405",89,947.42,33.08,11.2,8.3,52.58,8.84030652504,106.92,428.34,42.2887565774,10.2479313007,40
"406",90,947.16,33.44,11.14,8.26,52.84,8.85308834166,112.02,425.6,42.3155503468,10.26259331344,40
"407",91,947.36,33.28,11.16,8.2,52.64,8.86850375316,109.28,427.26,42.3378874514,10.27641434016,40
"408",92,947.04,33.6,11.14,8.22,52.96,8.8818183522,110.2,427.22,42.367089243,10.29504052392,40
"409",93,946.58,33.94,11.26,8.22,53.42,8.90143301568,106.62,427.68,42.3948925248,10.3107263266,40
"410",94,946.38,34.02,11.44,8.16,53.62,8.91638719634,108.4,430.44,42.422744438,10.3272345499,40
"411",95,946.14,34.06,11.54,8.26,53.86,8.9338902355,108.64,428.44,42.4484180862,10.33878333882,40
"412",96,946.12,34.02,11.58,8.28,53.88,8.950027425,110.42,429.9,42.4725390528,10.355662459,40
"413",97,945.86,33.96,11.94,8.24,54.14,8.9679986944,110.44,429.12,42.5024277516,10.370309214,40
"414",98,945.72,33.86,12.1,8.32,54.28,8.98336385972,109.04,430.56,42.528097586,10.3895414294,40
"415",99,945.56,33.96,12.36,8.12,54.44,8.99632766724,109.04,433.56,42.5573220086,10.4051501374,40
"416",100,945.22,34.2,12.58,8,54.78,9.00898928504,108.26,429.92,42.5831026994,10.4204956312,40
"417",101,944.88,34.34,12.74,8.04,55.12,9.02582488852,108.38,429.42,42.6105906198,10.4351873098,40
"418",102,944.8,34.44,12.64,8.12,55.2,9.03802988052,111.78,433.4,42.636610804,10.4518518458,40
"419",103,944.52,34.66,12.68,8.14,55.48,9.0503434087,107.18,430.36,42.6663021704,10.4685851192,40
"420",104,944.14,35.02,12.72,8.12,55.86,9.06324504556,109.44,429.84,42.6939552666,10.482510508,40
"421",0,941.8,29.04,13.82,15.34,58.2,7.1997,93.18,507.44,50.0153592506,8.87890654226,50
"422",1,942.22,28.86,13.76,15.16,57.78,7.22236963012,94.2,508.58,50.0481820516,8.89994329456,50
"423",2,942.82,28.42,13.7,15.06,57.18,7.23877771832,92,505.48,50.0789016022,8.91792759364,50
"424",3,943.4,28.12,13.64,14.84,56.6,7.26385127418,94.02,509.34,50.106323759,8.93518567328,50
"425",4,943.78,28.04,13.44,14.74,56.22,7.28201539366,95,505.8,50.1395353132,8.95503724152,50
"426",5,944.56,27.74,13.08,14.62,55.44,7.30381150978,94.5,509.36,50.173078239,8.97092651416,50
"427",6,945.04,27.54,12.86,14.56,54.96,7.32455252174,96.12,505.38,50.2047348014,8.98975346094,50
"428",7,945.42,27.28,12.78,14.52,54.58,7.34556738102,94.74,509.56,50.2378165066,9.00902356044,50
"429",8,945.86,26.98,12.86,14.3,54.14,7.36506964042,94.6,508.82,50.2759480246,9.02866680186,50
"430",9,946.4,26.68,12.7,14.22,53.6,7.384429003,93.44,507.6,50.309446474,9.04679852814,50
"431",10,947.02,26.46,12.46,14.06,52.98,7.39946280506,95,507.3,50.3453334836,9.06614329522,50
"432",11,947.28,26.56,12.28,13.88,52.72,7.41560380484,94.7,508.44,50.3796178724,9.08517206036,50
"433",12,947.62,26.5,12.04,13.84,52.38,7.43535392058,96.3,507.2,50.409452824,9.10440411282,50
"434",13,947.92,26.5,11.86,13.72,52.08,7.45529750454,95.18,510.3,50.4436678484,9.1207623307,50
"435",14,948.32,26.36,11.7,13.62,51.68,7.4736826959,96.3,511.44,50.4744835146,9.13757848862,50
"436",15,948.76,26.02,11.66,13.56,51.24,7.49574041378,95.8,511.52,50.5078967084,9.15902844106,50
"437",16,949.02,26.04,11.56,13.38,50.98,7.51883170346,96.72,508.4,50.539533663,9.17981688362,50
"438",17,949.32,26.02,11.46,13.2,50.68,7.54453979736,98.24,512.96,50.5706067226,9.19530628396,50
"439",18,949.82,25.7,11.38,13.1,50.18,7.55999729614,97.64,509.32,50.6018750474,9.2168339841,50
"440",19,950.4,25.16,11.48,12.96,49.6,7.57442750882,97.78,510.1,50.6322882854,9.23462279222,50
"441",20,950.7,25.04,11.44,12.82,49.3,7.59503465058,97.5,512.68,50.663584815,9.25342205648,50
"442",21,950.92,24.8,11.48,12.8,49.08,7.61276569152,97.34,513.74,50.6950918664,9.27200185246,50
"443",22,951.6,24.52,11.32,12.56,48.4,7.63153281434,99.44,508.56,50.7251775538,9.28902705678,50
"444",23,952.14,24.06,11.32,12.48,47.86,7.64962348478,96.12,507.52,50.7557441474,9.30689004906,50
"445",24,952.52,23.98,11.2,12.3,47.48,7.66885790136,98.24,512.66,50.7875747916,9.33092187694,50
"446",25,952.64,24.02,11.22,12.12,47.36,7.68579041078,98.92,513.84,50.820823033,9.35356533468,50
"447",26,952.7,24.18,11.16,11.96,47.3,7.70785019738,97.78,510.8,50.8544357908,9.37178024198,50
"448",27,952.78,24.22,11.08,11.92,47.22,7.73304086604,99.1,512.52,50.8886060936,9.38948410236,50
"449",28,952.64,24.28,11.22,11.86,47.36,7.75483998438,97.52,514.32,50.920661876,9.40595973918,50
"450",29,952.68,24.38,11.24,11.7,47.32,7.77327595522,98.62,517.72,50.9526401944,9.42680697282,50
"451",30,952.84,24.44,11.04,11.68,47.16,7.79017111798,98.2,513.16,50.9832753158,9.44378707406,50
"452",31,952.98,24.46,11,11.56,47.02,7.81084287612,99.56,515.02,51.0165232164,9.45923736118,50
"453",32,953.06,24.62,10.84,11.48,46.94,7.82789737192,100.46,516.38,51.0500614954,9.47642390512,50
"454",33,953.1,24.74,10.92,11.24,46.9,7.84084871978,99.7,515.64,51.0782478454,9.49473144334,50
"455",34,953.24,24.74,10.76,11.26,46.76,7.8543921038,101.76,516.28,51.1093576898,9.5101854083,50
"456",35,953.24,24.76,10.74,11.26,46.76,7.87388805386,98.6,515.1,51.1453733412,9.53033022898,50
"457",36,953.2,24.82,10.86,11.12,46.8,7.89483053336,102.12,511.74,51.1814978368,9.54780265062,50
"458",37,953.14,25.04,10.78,11.04,46.86,7.91310514274,100.7,519.16,51.2139535964,9.56712542804,50
"459",38,953.36,24.88,10.78,10.98,46.64,7.93121792466,99.5,519.74,51.2442281672,9.58501403696,50
"460",39,953.42,24.76,10.82,11,46.58,7.9510075154,100.34,516.42,51.2729134372,9.60334272872,50
"461",40,953.38,24.82,10.78,11.02,46.62,7.9730769167,100.18,518.24,51.3035906072,9.62269701062,50
"462",41,953.62,24.82,10.54,11.02,46.38,7.99035981716,100.3,519.72,51.3366520272,9.64415491202,50
"463",42,953.76,24.92,10.5,10.82,46.24,8.0097728221,101.52,517.56,51.3724937372,9.66017370274,50
"464",43,953.78,25.02,10.6,10.6,46.22,8.0261782109,101,521.6,51.4028457764,9.6779615242,50
"465",44,953.82,25.02,10.6,10.56,46.18,8.04236920176,101.86,519.26,51.4376641198,9.69503385798,50
"466",45,953.68,25,10.76,10.56,46.32,8.06170851578,103.84,519.78,51.4698593794,9.71516644014,50
"467",46,953.54,25.16,10.88,10.42,46.46,8.08159369002,101.66,521.8,51.5044479426,9.73267297382,50
"468",47,953.4,25.34,10.88,10.38,46.6,8.09354234412,104.34,520.06,51.540487024,9.7531983258,50
"469",48,952.96,25.98,10.84,10.22,47.04,8.11590541868,101.14,517.88,51.5732820138,9.77059476454,50
"470",49,952.86,26.22,10.76,10.16,47.14,8.13415097782,103.9,519.46,51.603866584,9.78869042858,50
"471",50,952.9,26.22,10.86,10.02,47.1,8.14717820062,103.32,522.14,51.6351180816,9.80641726534,50
"472",51,952.9,26.42,10.88,9.8,47.1,8.16478300832,103.82,521.96,51.671085575,9.82405197212,50
"473",52,952.98,26.38,10.88,9.76,47.02,8.18557958318,102.82,522.28,51.7036930008,9.84337066422,50
"474",53,952.8,26.56,10.92,9.72,47.2,8.20612888626,103.94,520.56,51.738321544,9.85995797054,50
"475",54,952.5,26.98,10.82,9.7,47.5,8.22704889872,103.84,520.62,51.7711281902,9.87846184038,50
"476",55,952.5,27,10.8,9.7,47.5,8.24504098454,104.64,526.12,51.803360893,9.9002101986,50
"477",56,952.56,27.04,10.74,9.66,47.44,8.26228223874,103.86,523.74,51.8319126364,9.9198129122,50
"478",57,952.62,27,10.72,9.66,47.38,8.27852546408,104.88,520.08,51.8626626816,9.93743514038,50
"479",58,952.76,27.02,10.64,9.58,47.24,8.29589741084,106.24,521.82,51.892069124,9.95579926288,50
"480",59,952.66,27.08,10.82,9.44,47.34,8.316723649,104.78,523.26,51.927673806,9.97333017512,50
"481",60,952.52,27.46,10.82,9.2,47.48,8.335276935,101.64,522.94,51.9592306232,9.99246007192,50
"482",61,952.38,27.48,10.92,9.22,47.62,8.3565837097,106.6,524.36,51.9930005644,10.01386611114,50
"483",62,952.28,27.74,10.92,9.06,47.72,8.37217408736,102.96,524.18,52.0259313322,10.03470730816,50
"484",63,952.06,27.92,11,9.02,47.94,8.38849404042,107.42,527.72,52.0577944762,10.05431647066,50
"485",64,951.66,28.18,11.2,8.96,48.34,8.40839692808,106.36,526.6,52.0927056744,10.07338520076,50
"486",65,951.52,28.22,11.36,8.9,48.48,8.42785923656,106.24,525.04,52.128519474,10.0950771772,50
"487",66,951.14,28.32,11.52,9.02,48.86,8.44806891838,105.64,526.44,52.1642418098,10.1171603323,50
"488",67,951.18,28.3,11.6,8.92,48.82,8.46414162432,104.92,530.5,52.199283389,10.13781982578,50
"489",68,950.92,28.62,11.64,8.82,49.08,8.48515414218,106.48,526.26,52.2295036478,10.1582328311,50
"490",69,950.84,28.76,11.68,8.72,49.16,8.49970140648,105.68,525.5,52.2655299772,10.17903508214,50
"491",70,950.8,28.92,11.48,8.8,49.2,8.51541619468,105.7,531.1,52.2994531566,10.19694471584,50
"492",71,950.74,28.8,11.66,8.8,49.26,8.5326608743,108.06,527.64,52.3312906772,10.2187975291,50
"493",72,950.42,29.16,11.66,8.76,49.58,8.5504169247,108.7,532.9,52.3646074718,10.23543182534,50
"494",73,950.06,29.58,11.54,8.82,49.94,8.57179989052,105.9,529,52.3953826212,10.25641345548,50
"495",74,950.22,29.62,11.32,8.84,49.78,8.58845734358,108.02,528.3,52.4313221192,10.27847765086,50
"496",75,950.22,29.52,11.5,8.76,49.78,8.60301167514,109.9,529.06,52.462674218,10.29572550622,50
"497",76,950.12,29.66,11.6,8.62,49.88,8.62387063058,108.34,524.78,52.4978348388,10.31364667492,50
"498",77,950.1,29.64,11.66,8.6,49.9,8.63978040384,109.14,532.8,52.5347188614,10.33336024528,50
"499",78,949.84,29.74,11.86,8.56,50.16,8.65464373036,110.18,530.82,52.5657648422,10.34829519418,50
"500",79,949.64,30.02,11.8,8.54,50.36,8.66812813132,107.22,531.4,52.5962600532,10.370540671,50
"501",80,949.22,30.36,11.8,8.62,50.78,8.68756525868,109.66,531.4,52.6293993578,10.3914664162,50
"502",81,949.08,30.44,11.8,8.68,50.92,8.70657822502,105.9,527.9,52.6612768622,10.4117669812,50
"503",82,949.08,30.34,11.82,8.76,50.92,8.72115372426,108.94,528.9,52.6970043494,10.4317982668,50
"504",83,948.98,30.48,11.74,8.8,51.02,8.73241125724,109.3,528.92,52.7309750664,10.452175685,50
"505",84,948.9,30.6,11.76,8.74,51.1,8.74573501784,112.1,529.2,52.7581630068,10.4736752736,50
"506",85,948.72,30.84,11.76,8.68,51.28,8.76160774858,112.1,533.72,52.7920637506,10.4938477294,50
"507",86,948.66,30.86,11.82,8.66,51.34,8.77949376164,109.76,533.28,52.8256090154,10.5115383454,50
"508",87,948.54,31.02,11.78,8.66,51.46,8.79936431916,110.42,533.04,52.8646301072,10.5310995392,50
"509",88,948.22,31.26,11.82,8.7,51.78,8.81549193734,111.14,535.32,52.8965600012,10.5525867724,50
"510",89,948.02,31.42,12,8.56,51.98,8.82934631864,107.08,535.28,52.9284702498,10.5746936536,50
"511",90,947.92,31.32,12.18,8.58,52.08,8.84097167726,112.36,535.68,52.9599009654,10.59356774,50
"512",91,947.96,31.22,12.24,8.58,52.04,8.85771518284,107.9,535.2,52.992035931,10.6146388674,50
"513",92,948.08,31.4,12,8.52,51.92,8.86555233242,111.66,533.14,53.0240461814,10.6314963606,50
"514",93,947.78,31.66,12,8.56,52.22,8.8851304843,112.16,535.86,53.0562819866,10.6487961366,50
"515",94,947.42,31.76,12.24,8.58,52.58,8.90127326898,111.76,537.4,53.0916133744,10.6656756556,50
"516",95,946.82,32.3,12.2,8.68,53.18,8.92199241164,111.3,535.64,53.1261594026,10.6827482886,50
"517",96,946.5,32.4,12.26,8.84,53.5,8.9421129666,111.48,538.3,53.1589958538,10.7035667852,50
"518",97,946.22,32.46,12.54,8.78,53.78,8.95550948002,112.62,535.12,53.1948047706,10.7259209388,50
"519",98,945.84,32.74,12.66,8.76,54.16,8.9744248383,111.42,537.82,53.2283928086,10.7451675434,50
"520",99,945.26,33.28,12.68,8.78,54.74,8.98813428298,112.56,537.36,53.267708578,10.764517482,50
"521",100,945.08,33.48,12.66,8.78,54.92,8.99839731286,113.14,532.88,53.3040305818,10.7826151228,50
"522",101,944.94,33.38,12.82,8.86,55.06,9.02344713762,112.1,542.48,53.3380792274,10.8025829828,50
"523",102,944.48,33.6,12.88,9.04,55.52,9.03734768206,114.22,544.54,53.3710483208,10.8213189668,50
"524",103,944.54,33.48,12.88,9.1,55.46,9.05087755638,113.9,536.88,53.4053047258,10.8390303252,50
"525",104,944.32,33.64,12.92,9.12,55.68,9.06506798028,112.98,537.22,53.4373762826,10.8562682708,50
"526",0,941,29.02,14.6,15.38,59,7.1571,92.36,604.44,59.9877900438,8.9046759494,60
"527",1,941.62,28.72,14.44,15.22,58.38,7.17466601234,91.46,603.66,60.025783439,8.92671784458,60
"528",2,942.56,28.12,14.34,14.98,57.44,7.18770813558,93.52,603.38,60.0645812632,8.9487370475,60
"529",3,943.28,27.9,13.94,14.88,56.72,7.2077248417,94.86,609.22,60.1049479182,8.96982558264,60
"530",4,943.96,27.48,13.7,14.86,56.04,7.22425323624,96.06,604.92,60.1422004412,8.9931712802,60
"531",5,944.72,27.02,13.52,14.74,55.28,7.24436920094,93.64,607.52,60.1814790914,9.01426617312,60
"532",6,945.38,26.7,13.18,14.74,54.62,7.26358932828,95.24,608.16,60.2201554102,9.0352656123,60
"533",7,945.9,26.5,13.02,14.58,54.1,7.28433822888,96.82,605.5,60.2584071482,9.05210401068,60
"534",8,946.52,26.3,12.76,14.42,53.48,7.30173509402,98.58,608.18,60.2953681766,9.0747089108,60
"535",9,946.94,26.28,12.62,14.16,53.06,7.31811182928,94.76,605.26,60.335172282,9.09593608012,60
"536",10,947.42,26.04,12.42,14.12,52.58,7.33464170994,93.62,608.4,60.3754807516,9.1226382017,60
"537",11,947.64,26,12.26,14.1,52.36,7.35647157502,95.78,606.52,60.4129187254,9.14838401836,60
"538",12,948.2,25.78,12,14.02,51.8,7.37549643668,98.18,609.48,60.449581867,9.1713171853,60
"539",13,948.5,25.92,11.72,13.86,51.5,7.38953110922,98.66,611.94,60.4889197308,9.19102353752,60
"540",14,948.6,26.08,11.56,13.76,51.4,7.4092160665,96.26,609.86,60.5247590654,9.213302196,60
"541",15,949.16,25.66,11.56,13.62,50.84,7.43049259388,97.38,612.8,60.5666879746,9.23776260868,60
"542",16,949.68,25.64,11.24,13.44,50.32,7.44782915918,96.38,613.94,60.6038842804,9.25937284654,60
"543",17,949.94,25.42,11.24,13.4,50.06,7.466177695,98.1,610.62,60.6404649562,9.28141678518,60
"544",18,950.32,25.3,10.94,13.44,49.68,7.4834502276,99.86,613.28,60.676913991,9.3012742258,60
"545",19,950.58,25.38,10.74,13.3,49.42,7.50319428252,99.66,613.3,60.7140320136,9.3244254973,60
"546",20,951.1,25.04,10.7,13.16,48.9,7.52540206544,98.5,615.26,60.753191417,9.3479933001,60
"547",21,951.58,24.94,10.52,12.96,48.42,7.54198586916,97.84,615.92,60.78979535,9.36945903164,60
"548",22,952.02,24.82,10.44,12.72,47.98,7.5574953577,100.24,613.18,60.8285723118,9.39076559624,60
"549",23,952.18,24.94,10.36,12.52,47.82,7.57367175208,98.4,610.34,60.8651474178,9.41242372496,60
"550",24,952.54,24.72,10.14,12.6,47.46,7.58724960758,98.88,613.58,60.904539645,9.43687580288,60
"551",25,953,24.46,9.94,12.6,47,7.60118049612,100.34,611.94,60.940578986,9.45842959556,60
"552",26,953.12,24.64,9.82,12.42,46.88,7.62099867104,100.56,613.04,60.978262577,9.48359359188,60
"553",27,953.22,24.8,9.76,12.22,46.78,7.63542945094,100.12,617.46,61.0160841676,9.50510880078,60
"554",28,953.48,24.78,9.68,12.06,46.52,7.65389366366,100.28,614.2,61.0525078272,9.52577724234,60
"555",29,953.28,25.14,9.68,11.9,46.72,7.67766749446,97.2,613.36,61.0899680362,9.54970940932,60
"556",30,953.36,25.28,9.52,11.84,46.64,7.69300744066,99.2,615,61.1255981402,9.57430025032,60
"557",31,953.58,25.26,9.52,11.64,46.42,7.71155162094,101.62,617.9,61.1648977674,9.59758896644,60
"558",32,953.88,25.06,9.46,11.6,46.12,7.72834854092,100.72,616.22,61.2102832086,9.61791161616,60
"559",33,953.98,25.16,9.36,11.5,46.02,7.74595318126,102.4,612.54,61.2464115232,9.64375496282,60
"560",34,954.32,24.96,9.4,11.32,45.68,7.76140351108,104.58,620.62,61.2856117392,9.66684266072,60
"561",35,954.5,24.96,9.5,11.04,45.5,7.77909141462,102.02,616.6,61.3251169282,9.6890693329,60
"562",36,954.96,24.86,9.18,11,45.04,7.79695828624,104.52,616.3,61.3660228422,9.71466903632,60
"563",37,955.12,24.98,9.16,10.74,44.88,7.813118378,103.1,616.2,61.4023528596,9.73696025734,60
"564",38,955.08,25.14,9.14,10.64,44.92,7.8345589852,99.82,620.26,61.4433401744,9.76010364528,60
"565",39,955.08,25.26,9.18,10.48,44.92,7.85490933946,101.82,617.82,61.4800166938,9.78303421218,60
"566",40,955,25.32,9.32,10.36,45,7.87382804424,103.26,618.04,61.5203230694,9.80299811072,60
"567",41,955.24,25.22,9.3,10.24,44.76,7.89054630138,100.58,619.74,61.5570526864,9.82467932524,60
"568",42,955.8,25,9.04,10.16,44.2,7.89996183476,102.92,616.42,61.6001074118,9.84568675122,60
"569",43,955.54,25.16,9.18,10.12,44.46,7.92153916322,102.68,619.6,61.636311545,9.86770147504,60
"570",44,955.62,25.14,9.18,10.06,44.38,7.93961082424,102.14,619.92,61.676760842,9.88857129418,60
"571",45,955.58,25.42,9.26,9.74,44.42,7.95264842828,105.62,621.26,61.717899203,9.90881669982,60
"572",46,955.76,25.34,9.22,9.68,44.24,7.97258281358,105.4,623.2,61.757968788,9.93066226924,60
"573",47,955.86,25.28,9.34,9.52,44.14,7.98430831186,105.12,622.46,61.7978853582,9.95312812086,60
"574",48,956.02,25.22,9.36,9.4,43.98,8.00242650638,105.6,622.32,61.8381719592,9.97739793176,60
"575",49,956,25.48,9.3,9.22,44,8.01584234904,104.56,625.92,61.8745207648,9.99822543224,60
"576",50,955.76,25.82,9.32,9.1,44.24,8.03320827792,105.86,623.24,61.9149073358,10.02012135924,60
"577",51,955.42,26.42,9.28,8.88,44.58,8.0538170722,105.98,627.58,61.96093485,10.04574359458,60
"578",52,955.58,26.46,9.28,8.68,44.42,8.06643673002,106.22,625.34,62.0059191716,10.0675662037,60
"579",53,955.6,26.66,9.26,8.48,44.4,8.08259917526,106.42,625.36,62.0458177834,10.09032662016,60
"580",54,955.8,26.62,9.14,8.44,44.2,8.09483549192,109.86,624.24,62.0836740526,10.11129750054,60
"581",55,956.06,26.42,9.18,8.34,43.94,8.10922348836,107.64,628.4,62.1240943466,10.13684409976,60
"582",56,955.66,26.84,9.36,8.14,44.34,8.1249100573,107.5,627.64,62.1640891922,10.15939790346,60
"583",57,955.34,27.26,9.38,8.02,44.66,8.14475302778,105.58,626.56,62.2075836798,10.18179720664,60
"584",58,955.04,27.6,9.4,7.96,44.96,8.16135215204,106.72,621.42,62.2454656316,10.20675985022,60
"585",59,954.94,27.72,9.36,7.98,45.06,8.17658830154,106.36,627.38,62.282285915,10.23277189112,60
"586",60,954.54,28.12,9.32,8.02,45.46,8.1964371583,106.4,629.2,62.3206090408,10.25590004508,60
"587",61,954.46,28.26,9.36,7.92,45.54,8.21673778862,108.4,626.26,62.3551407602,10.27714955512,60
"588",62,954.44,28.08,9.48,8,45.56,8.23866589182,106.92,629.56,62.396450519,10.29954572656,60
"589",63,954.34,28.22,9.46,7.98,45.66,8.25663832236,108.48,626.8,62.4398206792,10.32556225396,60
"590",64,954.34,28.14,9.64,7.88,45.66,8.274691161,107.92,631.36,62.4764235624,10.346270031,60
"591",65,954.44,28.12,9.6,7.84,45.56,8.28994047136,110.8,630.44,62.516990734,10.3743507508,60
"592",66,954.28,28.24,9.7,7.78,45.72,8.30454298262,109.36,630.86,62.5554243692,10.3942063326,60
"593",67,953.94,28.5,9.84,7.72,46.06,8.32533607354,111.34,629.72,62.5944570516,10.4131775124,60
"594",68,953.76,28.72,9.82,7.7,46.24,8.34258138438,109.32,628.94,62.6325391524,10.4389563594,60
"595",69,953.64,28.54,10.16,7.66,46.36,8.36121362846,108.78,631.9,62.673999123,10.4619097414,60
"596",70,953.68,28.58,10.04,7.7,46.32,8.37650004684,108.86,633.32,62.7137198408,10.4880501232,60
"597",71,953.54,28.54,10.12,7.8,46.46,8.3984940592,109.14,630.38,62.7553155824,10.51008291,60
"598",72,953.5,28.58,10.2,7.72,46.5,8.41162689796,110.3,631.92,62.7958088094,10.5301831648,60
"599",73,953.2,28.68,10.44,7.68,46.8,8.42682349666,109.62,636.06,62.8365079724,10.5520248518,60
"600",74,953.08,28.72,10.52,7.68,46.92,8.44743028264,109.32,634.44,62.8758673148,10.5759754426,60
"601",75,953.02,28.78,10.64,7.56,46.98,8.46614653742,112.46,633.06,62.9154673184,10.5993705314,60
"602",76,952.82,28.88,10.66,7.64,47.18,8.48029900218,110.98,634.06,62.9614978748,10.6234546038,60
"603",77,952.4,29.32,10.7,7.58,47.6,8.49876004994,111.48,632.92,63.0017803426,10.6469367984,60
"604",78,952.02,29.62,10.72,7.64,47.98,8.51586295928,111.56,633.48,63.0455723132,10.6675431696,60
"605",79,951.72,29.78,10.8,7.7,48.28,8.53342876822,111.78,634.7,63.087187578,10.6926574224,60
"606",80,951.34,29.92,10.96,7.78,48.66,8.55155674718,110.48,637.06,63.1291181782,10.718297358,60
"607",81,951.08,30.08,10.98,7.86,48.92,8.57079406292,112.9,636,63.1709226572,10.7423925246,60
"608",82,950.74,30.34,11.08,7.84,49.26,8.58478358222,113.6,637.72,63.2105707936,10.7670198978,60
"609",83,950.34,30.44,11.38,7.84,49.66,8.60426065224,114.1,638.66,63.250565636,10.7902768214,60
"610",84,950.36,30.26,11.5,7.88,49.64,8.617655023,113.02,639.36,63.2899709702,10.813589074,60
"611",85,950.46,30.3,11.32,7.92,49.54,8.63209294288,114.12,638.28,63.3277572646,10.8357146984,60
"612",86,950.32,30.44,11.36,7.88,49.68,8.64650875118,113.82,638.4,63.3700869278,10.8596393098,60
"613",87,950.04,30.6,11.52,7.84,49.96,8.65942957686,112.92,639.04,63.4130150824,10.8838923956,60
"614",88,949.48,31.02,11.54,7.96,50.52,8.6769385672,114.64,639.84,63.4543186024,10.9076138484,60
"615",89,949.12,31.28,11.66,7.94,50.88,8.69033095692,113.28,638.68,63.4906155224,10.9313864996,60
"616",90,949.04,31.36,11.78,7.82,50.96,8.70430398626,114,637.82,63.5275566792,10.9547731102,60
"617",91,948.74,31.66,11.84,7.76,51.26,8.7223880196,114.26,638.26,63.5688893614,10.9799843988,60
"618",92,948.46,31.86,11.92,7.76,51.54,8.73519792782,116.38,639.72,63.6076994048,11.0045517968,60
"619",93,948.1,32.18,12,7.72,51.9,8.75000973578,114.68,641.68,63.6488041512,11.027855709,60
"620",94,948.06,32.28,12.02,7.64,51.94,8.76714782814,114.98,641.78,63.6920156458,11.048907278,60
"621",95,947.76,32.54,12.08,7.62,52.24,8.78029393736,117.4,642.36,63.731533355,11.071170252,60
"622",96,947.74,32.54,12.1,7.62,52.26,8.79292715782,117.22,642.24,63.772605308,11.0953625422,60
"623",97,947.5,32.72,12.1,7.68,52.5,8.81026083472,114.78,640.22,63.8174443464,11.1199451822,60
"624",98,947.46,32.7,11.98,7.86,52.54,8.8235341178,116.62,645.98,63.8528278164,11.1436410786,60
"625",99,947.42,32.72,11.88,7.98,52.58,8.83683743808,119,639.78,63.8951201394,11.172159683,60
"626",100,947.1,32.98,11.82,8.1,52.9,8.85551370172,114.72,647.54,63.9363641896,11.1959700274,60
"627",101,946.92,32.98,11.92,8.18,53.08,8.86644923482,117.68,644.44,63.9748987664,11.2162271004,60
"628",102,946.78,33.06,11.94,8.22,53.22,8.87877803276,117.6,646.28,64.0142327814,11.2407745604,60
"629",103,946.42,33.4,11.94,8.24,53.58,8.88944556556,118.98,645.92,64.051863357,11.2648432916,60
"630",104,946.1,33.6,12.1,8.2,53.9,8.89927155038,118.46,643.5,64.0955725968,11.2898158082,60
"631",0,941.3,28.58,15.18,14.94,58.7,7.20406,93.12,705.28,70.0223809146,8.88595734176,70
"632",1,941.98,28.48,14.8,14.74,58.02,7.22130544566,94.62,709.9,70.0630793014,8.91098984266,70
"633",2,942.94,28,14.5,14.56,57.06,7.23578853774,96.72,705.66,70.1070795428,8.93789580322,70
"634",3,943.7,27.42,14.42,14.46,56.3,7.2548094766,92.76,705.48,70.1513812812,8.96412240556,70
"635",4,944.58,26.94,14.16,14.32,55.42,7.27370661392,96.06,708.54,70.1973470514,8.98961672684,70
"636",5,945.26,26.74,13.86,14.14,54.74,7.29167031498,95.84,705.36,70.24386001,9.01214005264,70
"637",6,945.72,26.58,13.6,14.1,54.28,7.3073551489,94.9,708.6,70.285583359,9.03799562066,70
"638",7,946.3,26.52,13.36,13.82,53.7,7.32508600058,93.16,709.94,70.3321269264,9.06427539928,70
"639",8,946.62,26.44,13.28,13.66,53.38,7.34480590614,97.62,705.7,70.3787052908,9.0890879487,70
"640",9,947.32,26.28,12.98,13.42,52.68,7.35941042022,94.94,710.46,70.4299661486,9.11353760116,70
"641",10,947.64,26.22,12.7,13.44,52.36,7.3824320167,98.44,707.86,70.4739342132,9.13723008762,70
"642",11,947.86,26.1,12.5,13.54,52.14,7.40627701432,95.08,709.2,70.524625087,9.16214057272,70
"643",12,948.52,25.72,12.32,13.44,51.48,7.42347119372,94.82,706.74,70.5706737004,9.18746182738,70
"644",13,948.94,25.62,12.04,13.4,51.06,7.44161106772,98.3,715.62,70.6153024612,9.21277229504,70
"645",14,949.22,25.64,11.92,13.22,50.78,7.46031113628,96.86,710.78,70.6595860552,9.23859637574,70
"646",15,949.46,25.8,11.66,13.08,50.54,7.48181196364,95.38,714.06,70.7045243506,9.26471656404,70
"647",16,949.74,25.7,11.62,12.94,50.26,7.49889603506,98.86,712.24,70.747148482,9.29219844882,70
"648",17,950.18,25.46,11.44,12.92,49.82,7.52170039592,97.64,712.26,70.7933402862,9.3162577851,70
"649",18,950.42,25.66,11.12,12.8,49.58,7.53885648408,99.52,716.44,70.8402719768,9.34414049192,70
"650",19,950.54,25.5,11.2,12.76,49.46,7.5603167934,96.62,711.52,70.8881210006,9.374099789,70
"651",20,951.06,25.42,10.94,12.58,48.94,7.57722382708,98.66,713.28,70.9342421962,9.39992787992,70
"652",21,951.34,25.34,10.86,12.46,48.66,7.59332788834,101.2,708.74,70.9795872432,9.42646958706,70
"653",22,952,24.8,10.8,12.4,48,7.60559135606,99.48,713.98,71.024540025,9.45150965106,70
"654",23,952.6,24.7,10.5,12.2,47.4,7.62017116708,98.58,719.1,71.064315535,9.48130796138,70
"655",24,952.88,24.66,10.34,12.12,47.12,7.63836983544,99.34,717.88,71.1099485216,9.50627468478,70
"656",25,953.04,24.68,10.24,12.04,46.96,7.65791428858,98.2,718.58,71.1538314436,9.53159989304,70
"657",26,953.12,24.84,10.14,11.9,46.88,7.68013409276,98.42,717.3,71.1970503258,9.55813524476,70
"658",27,953.22,24.92,9.96,11.9,46.78,7.69915001008,98.24,717.2,71.2413642754,9.5846178537,70
"659",28,953.1,25.16,9.96,11.78,46.9,7.72140809176,98.32,719.5,71.2868770034,9.60990346224,70
"660",29,953.46,25.14,9.76,11.64,46.54,7.73352227582,100.12,717.06,71.3324396012,9.63828473452,70
"661",30,953.62,25.26,9.72,11.4,46.38,7.75053748918,100.32,716.5,71.3755446336,9.66222616496,70
"662",31,953.48,25.52,9.78,11.22,46.52,7.77308519256,101.58,719.28,71.4237673736,9.6908357403,70
"663",32,953.92,25.42,9.64,11.02,46.08,7.78763894222,103.06,719.14,71.466893823,9.7190717216,70
"664",33,953.96,25.64,9.42,10.98,46.04,7.80307007454,102.94,717.94,71.5120924082,9.7460226295,70
"665",34,953.98,25.72,9.42,10.88,46.02,7.81864173762,100.4,720.32,71.5601018666,9.7732272993,70
"666",35,954.24,25.6,9.4,10.76,45.76,7.8322778026,101.28,720.82,71.6036618018,9.80249992256,70
"667",36,954.48,25.5,9.38,10.64,45.52,7.84719929614,103.3,721.68,71.6464698958,9.83042727658,70
"668",37,954.68,25.44,9.42,10.46,45.32,7.86386755398,103.9,721.66,71.690427739,9.85673027786,70
"669",38,954.68,25.54,9.54,10.24,45.32,7.8793184689,101.34,725.08,71.7380937516,9.8845207169,70
"670",39,954.78,25.56,9.58,10.08,45.22,7.89380786994,105.8,726.32,71.7851184262,9.91314424986,70
"671",40,954.86,25.74,9.54,9.86,45.14,7.91043769224,102.9,722.8,71.8289168804,9.94068112932,70
"672",41,954.88,25.8,9.52,9.8,45.12,7.92777275454,103.86,721.9,71.8728294606,9.96972000074,70
"673",42,955,25.72,9.56,9.72,45,7.9398784741,105.9,724.78,71.9181591632,10.00475859228,70
"674",43,954.82,25.72,9.78,9.68,45.18,7.95856654066,103.52,726.88,71.9598136666,10.02999754468,70
"675",44,955.04,25.74,9.58,9.64,44.96,7.97643514174,104.74,727.02,72.001913514,10.05687260708,70
"676",45,954.86,26.06,9.6,9.48,45.14,7.99266336166,103.42,723.4,72.042098214,10.0842740038,70
"677",46,955.12,25.88,9.72,9.28,44.88,8.00981585034,105.96,725.38,72.086898362,10.10953273812,70
"678",47,955.2,25.86,9.74,9.2,44.8,8.02401318784,105.22,727.48,72.1334614256,10.13461184048,70
"679",48,955.3,25.88,9.82,9,44.7,8.04188643174,106.48,725.84,72.176796089,10.16119534098,70
"680",49,955.06,26.08,9.78,9.08,44.94,8.06366656568,107.12,724.52,72.2260399696,10.18958013902,70
"681",50,954.98,26.34,9.62,9.06,45.02,8.08153012686,107.06,729.5,72.2762764422,10.21451668728,70
"682",51,954.94,26.46,9.58,9.02,45.06,8.0946544387,107.7,727.58,72.327323678,10.24263292686,70
"683",52,954.74,26.82,9.46,8.98,45.26,8.1101368736,108.84,727.38,72.3752334998,10.27118663258,70
"684",53,954.8,26.98,9.46,8.76,45.2,8.12974533722,107.46,727.76,72.4219058362,10.29924447576,70
"685",54,954.72,27.14,9.46,8.68,45.28,8.1403639917,108.52,731.06,72.4643104626,10.32497762168,70
"686",55,954.6,27.36,9.4,8.64,45.4,8.1585933347,105.26,729.36,72.5115853842,10.351206518,70
"687",56,954.58,27.6,9.22,8.6,45.42,8.17149968032,110.06,731.1,72.5502506926,10.37656816112,70
"688",57,954.56,27.6,9.26,8.58,45.44,8.18729415114,107.82,734.3,72.596603432,10.401772407,70
"689",58,954.52,27.66,9.34,8.48,45.48,8.20216526,110.3,729.28,72.6416849758,10.4284307132,70
"690",59,954.44,27.76,9.28,8.52,45.56,8.21918842468,109.3,731.74,72.6926982466,10.4580125924,70
"691",60,954.28,27.96,9.32,8.44,45.72,8.23486481732,111.42,731.32,72.732265832,10.4831866918,70
"692",61,954.36,28.16,9.26,8.22,45.64,8.25160923932,110.62,736.34,72.780641978,10.5120289688,70
"693",62,954.16,28.28,9.38,8.18,45.84,8.26280794606,110.16,730.84,72.830603883,10.5409759892,70
"694",63,954.04,28.4,9.4,8.16,45.96,8.2781571572,108.38,732.76,72.8790385288,10.5680401242,70
"695",64,953.9,28.48,9.52,8.1,46.1,8.29632622636,109.62,734.1,72.921608943,10.598709032,70
"696",65,953.64,28.68,9.52,8.16,46.36,8.31218334474,110.2,736.88,72.9683948088,10.62518146,70
"697",66,953.5,28.78,9.6,8.12,46.5,8.32982949698,110.72,734.32,73.0165948528,10.6494869552,70
"698",67,953.12,29.16,9.68,8.04,46.88,8.34850007426,112.48,730.76,73.0607270164,10.679296729,70
"699",68,953.14,29.06,9.7,8.1,46.86,8.36371039396,110.26,735.48,73.1081270478,10.7057527482,70
"700",69,953.46,28.9,9.68,7.96,46.54,8.37163154162,112.06,736.32,73.1566167084,10.7309263656,70
"701",70,953.42,28.9,9.7,7.98,46.58,8.38337722456,114.02,736.34,73.2011110046,10.7564420624,70
"702",71,953.14,29.06,9.92,7.88,46.86,8.40164237926,112.38,736.64,73.2451272708,10.7846225488,70
"703",72,952.98,29.24,9.9,7.88,47.02,8.4244770328,110.88,736.68,73.2940632748,10.8123044826,70
"704",73,953.16,28.98,9.96,7.9,46.84,8.44248352726,113,740.14,73.339800059,10.8410347888,70
"705",74,953.14,29.06,9.96,7.84,46.86,8.4566126247,113.22,739.46,73.384740764,10.8704419178,70
"706",75,952.8,29.34,10.12,7.74,47.2,8.47287869514,115.6,737.74,73.4346654518,10.8951115644,70
"707",76,952.88,29.38,10.08,7.66,47.12,8.48804170774,113.74,742.96,73.4803698866,10.9214501436,70
"708",77,952.52,29.84,9.96,7.68,47.48,8.50231054942,115.94,737.28,73.5253660098,10.9486964254,70
"709",78,952.3,30.04,10,7.66,47.7,8.51706521642,116.66,741.4,73.5718098378,10.9765157864,70
"710",79,952.14,30.36,9.9,7.6,47.86,8.53168705776,115.16,742.86,73.6181087148,11.0011117464,70
"711",80,952.1,30.3,10,7.6,47.9,8.54731141472,114.72,742.48,73.6628536232,11.0320733008,70
"712",81,951.8,30.48,10.12,7.6,48.2,8.56375531868,115.08,743.48,73.7117366232,11.055711262,70
"713",82,951.52,30.64,10.22,7.62,48.48,8.58505958498,112.8,745,73.7579137468,11.0816045438,70
"714",83,951.06,30.92,10.4,7.62,48.94,8.6024610806,115.36,746.94,73.8047532902,11.1075904666,70
"715",84,950.88,31.16,10.42,7.54,49.12,8.61505865364,116.54,742.06,73.8509494266,11.1345385262,70
"716",85,950.86,31.28,10.34,7.52,49.14,8.63076181528,115.58,742.54,73.9014929014,11.1615151104,70
"717",86,950.64,31.48,10.32,7.56,49.36,8.64515768366,116.18,740.1,73.9470553068,11.1891074352,70
"718",87,950.56,31.5,10.32,7.62,49.44,8.66608013904,114.86,742.4,73.9957490256,11.2158420136,70
"719",88,950.34,31.86,10.18,7.62,49.66,8.6802224943,117.86,744.68,74.0416874062,11.2433548754,70
"720",89,949.94,31.92,10.46,7.68,50.06,8.69438010028,118,746.66,74.0907010752,11.2679766364,70
"721",90,949.72,32.04,10.56,7.68,50.28,8.70763316324,116.22,744.68,74.139285559,11.2914341808,70
"722",91,949.48,32.3,10.62,7.6,50.52,8.7205801715,117.26,746.92,74.1863015748,11.3179451424,70
"723",92,949.3,32.38,10.66,7.66,50.7,8.7301675472,118.28,750.16,74.2363172788,11.3453689878,70
"724",93,949.02,32.66,10.64,7.68,50.98,8.74510093852,119.88,750.28,74.2815393354,11.3744992618,70
"725",94,948.82,32.64,10.84,7.7,51.18,8.75834236092,120.06,747.34,74.3277807774,11.4016474276,70
"726",95,948.52,32.82,11.02,7.64,51.48,8.76894698316,117.86,746.16,74.376076538,11.429711049,70
"727",96,948.22,32.96,11.14,7.68,51.78,8.78534923998,120.58,749.7,74.4227847432,11.457163943,70
"728",97,948.04,32.98,11.26,7.72,51.96,8.79949332378,120,745.48,74.4690345474,11.4857969562,70
"729",98,948.1,32.88,11.4,7.62,51.9,8.80885596418,119.96,750.46,74.5182380468,11.5125517914,70
"730",99,948.02,32.88,11.48,7.62,51.98,8.82405532368,119.64,752.54,74.5646673048,11.5421298134,70
"731",100,947.88,32.78,11.58,7.76,52.12,8.83552546786,123.98,749.94,74.6121437384,11.5715141232,70
"732",101,947.46,33.18,11.54,7.82,52.54,8.85183507256,121.28,752.1,74.6615100384,11.5990030098,70
"733",102,947.06,33.48,11.62,7.84,52.94,8.8673769549,121,748.26,74.71205548,11.627375464,70
"734",103,946.84,33.72,11.62,7.82,53.16,8.88055726422,122.78,751.42,74.7572530758,11.6500551662,70
"735",104,946.7,33.6,11.76,7.94,53.3,8.89536598136,124.42,749.64,74.8048950076,11.6770018048,70
"736",0,943.04,28.58,14.16,14.22,56.96,7.12208,93.44,806.32,80.0073327128,8.85886482716,80
"737",1,943.56,28.36,13.88,14.2,56.44,7.14528443954,92.7,805.92,80.0592533812,8.88456898772,80
"738",2,944.14,27.96,13.66,14.24,55.86,7.16755844328,93.9,803.42,80.1152410882,8.91396725702,80
"739",3,944.98,27.58,13.34,14.1,55.02,7.18847803738,94.5,804.12,80.166848693,8.94337992298,80
"740",4,945.92,26.98,13.14,13.96,54.08,7.20356910128,94.44,807,80.2192482292,8.97062352414,80
"741",5,946.84,26.24,13.04,13.88,53.16,7.22321046918,93.22,806.02,80.274342091,8.9979600621,80
"742",6,947.32,26.1,12.66,13.92,52.68,7.2452372973,93.5,805.7,80.3209708992,9.03100184284,80
"743",7,947.62,26.32,12.54,13.52,52.38,7.26212594304,95.2,806.42,80.3753642468,9.06420841924,80
"744",8,948.32,25.9,12.5,13.28,51.68,7.27658836572,93.1,810,80.429459392,9.09273760262,80
"745",9,948.78,25.74,12.34,13.14,51.22,7.29772715784,97.64,808.62,80.4824908218,9.12171154878,80
"746",10,949.02,25.52,12.38,13.08,50.98,7.31584965152,99.04,812.18,80.526315567,9.15123460714,80
"747",11,949.36,25.52,12.14,12.98,50.64,7.33438392418,95.88,807.4,80.5759606796,9.1809553899,80
"748",12,950.08,25.08,11.98,12.86,49.92,7.3504159102,98,811.94,80.6310682692,9.21027245658,80
"749",13,950.5,24.96,11.78,12.76,49.5,7.37098193912,96.82,809.44,80.6828244634,9.2404646044,80
"750",14,951.16,24.8,11.44,12.6,48.84,7.38788020722,96.44,813.68,80.7309700902,9.27026276398,80
"751",15,951.44,24.9,11.2,12.46,48.56,7.40786135752,98.14,813.54,80.7819933944,9.29767788484,80
"752",16,951.72,24.7,11.18,12.4,48.28,7.42824586196,97.6,813.26,80.834595064,9.32652518622,80
"753",17,952.2,24.6,11,12.2,47.8,7.44089913074,97.18,813.78,80.8830223568,9.35744936894,80
"754",18,952.42,24.62,10.98,11.98,47.58,7.46163544852,97.98,814.92,80.9350338068,9.38859812428,80
"755",19,952.66,24.46,11.02,11.86,47.34,7.47935495238,100.1,815.74,80.9863628766,9.41701099334,80
"756",20,952.62,24.7,10.94,11.74,47.38,7.50055369142,101.04,815.46,81.039781413,9.44497666364,80
"757",21,952.86,24.76,10.82,11.56,47.14,7.51949047198,101,815.58,81.0950228404,9.47775041864,80
"758",22,953.24,24.74,10.6,11.42,46.76,7.54043663046,101.92,814.68,81.1490111316,9.50865769078,80
"759",23,953.54,24.72,10.56,11.18,46.46,7.55936496918,100.72,819,81.2004724446,9.5423095215,80
"760",24,953.8,24.64,10.44,11.12,46.2,7.57957527174,101.86,814.8,81.2565954776,9.57242324142,80
"761",25,953.86,24.82,10.28,11.04,46.14,7.5992090059,99.96,816.06,81.3075954448,9.60267220468,80
"762",26,954.1,24.64,10.36,10.9,45.9,7.6132465005,99.32,816.58,81.357867166,9.63214982382,80
"763",27,954.04,24.72,10.28,10.96,45.96,7.63378929278,101,818.8,81.4019159938,9.66064125436,80
"764",28,954.2,24.62,10.36,10.82,45.8,7.65205456896,103.5,817.86,81.4540461476,9.69025008586,80
"765",29,954.52,24.42,10.4,10.66,45.48,7.66611625804,102.56,819.72,81.5066840762,9.71754674532,80
"766",30,954.68,24.62,10.06,10.64,45.32,7.6827854673,103.56,820.6,81.5560044492,9.74839258886,80
"767",31,954.96,24.32,10.08,10.64,45.04,7.70294234364,102.46,819.84,81.6031467298,9.78104436778,80
"768",32,955.08,24.46,10.04,10.42,44.92,7.72176389158,100.92,820.6,81.6541669908,9.81044417426,80
"769",33,955.24,24.5,9.88,10.38,44.76,7.73859653682,104.86,820.98,81.7051970434,9.84399720628,80
"770",34,955.24,24.56,9.8,10.4,44.76,7.7530702082,103.84,823.96,81.7583124138,9.8746374338,80
"771",35,955.34,24.52,9.86,10.28,44.66,7.76984123846,103.32,823.42,81.8064848946,9.90338356062,80
"772",36,955.34,24.5,10,10.16,44.66,7.78835297114,104.98,824.24,81.8630867762,9.93839677122,80
"773",37,955.68,24.36,9.8,10.16,44.32,7.80294797408,104.82,820.38,81.916202512,9.97232780916,80
"774",38,955.68,24.4,9.88,10.04,44.32,7.82389662988,105.96,823.66,81.9652710176,10.00367965996,80
"775",39,955.66,24.52,9.88,9.94,44.34,7.84343649432,105.94,827.6,82.019261595,10.03360604118,80
"776",40,955.62,24.86,9.74,9.78,44.38,7.8615320211,105.9,823.8,82.0726749828,10.06205492076,80
"777",41,955.42,24.98,9.86,9.74,44.58,7.88376194556,106.22,823.7,82.126153814,10.09406442382,80
"778",42,955.52,25.1,9.68,9.7,44.48,7.90407548482,103.34,828.18,82.177606196,10.12216594532,80
"779",43,955.44,25.4,9.74,9.42,44.56,7.92512443516,104.38,827.14,82.22468423,10.15082361454,80
"780",44,955.7,25.08,9.92,9.3,44.3,7.9391511429,105.9,827.66,82.2791359426,10.17923174426,80
"781",45,955.6,25.3,9.82,9.28,44.4,7.96213899862,106.2,828.48,82.3314112576,10.20805576208,80
"782",46,955.74,25.28,9.72,9.26,44.26,7.97618114972,109.36,829.8,82.3796421398,10.2377335005,80
"783",47,955.54,25.5,9.82,9.14,44.46,7.9949326457,107.36,827.96,82.4325412872,10.26832684314,80
"784",48,955.46,25.54,9.92,9.08,44.54,8.0102366185,107.26,829.04,82.4831555584,10.29950150838,80
"785",49,955.48,25.68,9.88,8.96,44.52,8.02228772526,110.4,826.42,82.5335201032,10.33252252654,80
"786",50,955.76,25.64,9.72,8.88,44.24,8.03502795346,110.64,831.4,82.5881202264,10.3579503386,80
"787",51,955.76,25.64,9.64,8.96,44.24,8.05162661192,108.56,831.84,82.6393435872,10.3864863776,80
"788",52,955.94,25.78,9.5,8.78,44.06,8.06700140434,107.56,831.72,82.6923605852,10.4187791358,80
"789",53,955.94,25.7,9.66,8.7,44.06,8.07919722746,110.36,833.86,82.7521161676,10.4498635462,80
"790",54,955.96,25.68,9.78,8.58,44.04,8.09388918256,109.82,831.16,82.8077829918,10.478086692,80
"791",55,955.7,26.04,9.76,8.5,44.3,8.110752127,110.22,832.42,82.855674432,10.5095637524,80
"792",56,955.56,26.1,9.96,8.38,44.44,8.13247287604,109.58,834.22,82.9089619792,10.539751186,80
"793",57,955.52,26.16,10,8.32,44.48,8.14660952058,111.76,833.1,82.9619995398,10.5720907152,80
"794",58,955.56,26.22,9.96,8.26,44.44,8.16150566808,109.8,836.3,83.0134666758,10.6018532308,80
"795",59,955.36,26.52,9.94,8.18,44.64,8.1794190464,113.7,835.28,83.065150397,10.6308556596,80
"796",60,955.26,26.8,9.78,8.16,44.74,8.19005998924,111.56,835.12,83.1234027324,10.656065145,80
"797",61,955.02,27.18,9.8,8,44.98,8.20383165806,111.82,833.8,83.1789151154,10.6848489204,80
"798",62,954.82,27.34,9.9,7.94,45.18,8.21817424806,109.3,835.9,83.2268732116,10.7130124464,80
"799",63,954.8,27.62,9.74,7.84,45.2,8.23488686416,114.08,837.24,83.2844229604,10.7433374204,80
"800",64,954.44,27.8,9.98,7.78,45.56,8.25097319372,112.9,836.74,83.3404995004,10.7758412202,80
"801",65,954.24,27.9,10.18,7.68,45.76,8.2655662835,114.88,835.86,83.397386844,10.8051798358,80
"802",66,954.2,28,10.08,7.72,45.8,8.27858608808,114.86,838.76,83.4476418272,10.8383960548,80
"803",67,953.96,28.2,10.1,7.74,46.04,8.30093159114,112.3,837.8,83.5041455434,10.8692053272,80
"804",68,953.8,28.26,10.2,7.74,46.2,8.31864134836,114.48,839.48,83.558558696,10.900090508,80
"805",69,953.96,28,10.2,7.84,46.04,8.32977539938,113.76,841.04,83.6083133392,10.9349827362,80
"806",70,953.8,28.1,10.1,8,46.2,8.34542490344,113.76,843.4,83.6615901664,10.9633897108,80
"807",71,953.46,28.28,10.28,7.98,46.54,8.3645578964,117.36,841.3,83.7149532724,10.9967535036,80
"808",72,953.24,28.44,10.38,7.94,46.76,8.3846933078,113.92,840.62,83.7642793792,11.0250430946,80
"809",73,953,28.7,10.36,7.94,47,8.39761452466,115.54,846.14,83.814149524,11.0546982472,80
"810",74,952.86,28.82,10.34,7.98,47.14,8.41915934298,117.54,840.58,83.8689387194,11.0847440288,80
"811",75,952.88,28.84,10.3,7.98,47.12,8.4341002888,114.34,841.8,83.928773252,11.1154803156,80
"812",76,952.88,28.8,10.34,7.98,47.12,8.44764355422,118.72,841.28,83.9820039892,11.1490323944,80
"813",77,952.78,28.98,10.22,8.02,47.22,8.4591098024,119.04,842.36,84.037252982,11.1784349138,80
"814",78,952.72,28.96,10.28,8.04,47.28,8.47328957706,116.6,844.42,84.0910497756,11.2116367386,80
"815",79,952.42,29.48,10.12,7.98,47.58,8.49017419984,117.62,843.98,84.1461755702,11.2431388076,80
"816",80,951.96,29.82,10.12,8.1,48.04,8.5068601817,117.32,844.76,84.2033005154,11.273572305,80
"817",81,951.72,29.92,10.28,8.08,48.28,8.52387566596,117.74,845.46,84.2542052544,11.3074865708,80
"818",82,951.36,30.14,10.28,8.22,48.64,8.54239430464,118.96,847.56,84.3064705882,11.3360294912,80
"819",83,951.56,29.86,10.32,8.26,48.44,8.55247351224,119.84,847.14,84.3597930134,11.3640087216,80
"820",84,951.52,30.04,10.26,8.18,48.48,8.5677556036,119.34,847.26,84.4132188082,11.394064101,80
"821",85,951.5,29.9,10.36,8.24,48.5,8.58423392162,119.68,849.7,84.4681440524,11.422945929,80
"822",86,951.48,29.98,10.3,8.24,48.52,8.59364084378,118.8,848.26,84.526090745,11.4522630472,80
"823",87,951.68,29.84,10.32,8.16,48.32,8.61044381474,118.98,848.06,84.5755914856,11.4851190906,80
"824",88,951.5,29.94,10.4,8.16,48.5,8.62463105732,120.06,847.24,84.633059275,11.5172738548,80
"825",89,951.24,30.16,10.52,8.08,48.76,8.63925290388,120.44,848.18,84.6819989966,11.551087149,80
"826",90,951.12,30.3,10.6,7.98,48.88,8.64916316412,118.48,850,84.7357369318,11.5828986046,80
"827",91,950.72,30.52,10.78,7.98,49.28,8.66481482524,119.78,848.84,84.7942488428,11.6153726948,80
"828",92,950.36,30.72,10.94,7.98,49.64,8.67568443326,121.72,853.3,84.8471113076,11.6466197462,80
"829",93,949.94,31.02,11.08,7.96,50.06,8.68754247292,122.48,852.9,84.8991044524,11.6772152234,80
"830",94,949.64,31.18,11.24,7.94,50.36,8.704233803,124.5,851.76,84.9556303766,11.7079232034,80
"831",95,949.62,31.22,11.22,7.94,50.38,8.7158635809,121.66,853.34,85.0085496022,11.7407749542,80
"832",96,949.08,31.72,11.26,7.94,50.92,8.7296406073,119.86,853.32,85.0655496576,11.7711414524,80
"833",97,948.8,31.98,11.12,8.1,51.2,8.7491879038,124.62,856.16,85.122639743,11.7985463754,80
"834",98,948.4,32.3,11.14,8.16,51.6,8.7624362814,122.34,855.32,85.1833422726,11.8300263556,80
"835",99,948.16,32.38,11.44,8.02,51.84,8.77437089394,124.9,857.64,85.2418134102,11.859799233,80
"836",100,948.24,32.18,11.42,8.16,51.76,8.78650223862,121.02,854.46,85.2952122892,11.8944090872,80
"837",101,947.9,32.62,11.32,8.16,52.1,8.79722816458,125.96,853.94,85.3501821204,11.9261632024,80
"838",102,947.76,32.8,11.34,8.1,52.24,8.80876138772,123.26,855.38,85.4056721718,11.9572707492,80
"839",103,947.46,33.04,11.46,8.04,52.54,8.8210140706,122.76,857.26,85.4586739014,11.9889425228,80
"840",104,947.44,32.96,11.62,7.98,52.56,8.8328861979,126.58,858.18,85.5037203262,12.0245896148,80
